-- MySQL dump 10.19  Distrib 10.3.34-MariaDB, for debian-linux-gnu (aarch64)
--
-- Host: localhost    Database: futbol
-- ------------------------------------------------------
-- Server version	10.3.34-MariaDB-0ubuntu0.20.04.1

/*!40101 SET @OLD_CHARACTER_SET_CLIENT=@@CHARACTER_SET_CLIENT */;
/*!40101 SET @OLD_CHARACTER_SET_RESULTS=@@CHARACTER_SET_RESULTS */;
/*!40101 SET @OLD_COLLATION_CONNECTION=@@COLLATION_CONNECTION */;
/*!40101 SET NAMES utf8mb4 */;
/*!40103 SET @OLD_TIME_ZONE=@@TIME_ZONE */;
/*!40103 SET TIME_ZONE='+00:00' */;
/*!40014 SET @OLD_UNIQUE_CHECKS=@@UNIQUE_CHECKS, UNIQUE_CHECKS=0 */;
/*!40014 SET @OLD_FOREIGN_KEY_CHECKS=@@FOREIGN_KEY_CHECKS, FOREIGN_KEY_CHECKS=0 */;
/*!40101 SET @OLD_SQL_MODE=@@SQL_MODE, SQL_MODE='NO_AUTO_VALUE_ON_ZERO' */;
/*!40111 SET @OLD_SQL_NOTES=@@SQL_NOTES, SQL_NOTES=0 */;

--
-- Table structure for table `contestant_player`
--

DROP TABLE IF EXISTS `contestant_player`;
/*!40101 SET @saved_cs_client     = @@character_set_client */;
/*!40101 SET character_set_client = utf8 */;
CREATE TABLE `contestant_player` (
  `contestant_id` bigint(20) unsigned NOT NULL COMMENT 'FK to contestants table',
  `player_id` bigint(20) unsigned NOT NULL COMMENT 'FK to players table',
  `season_year` int(11) NOT NULL COMMENT 'season year for the association player-team',
  `season_semester` int(11) NOT NULL COMMENT 'season semester for the association player-team',
  PRIMARY KEY (`contestant_id`,`player_id`,`season_year`,`season_semester`),
  KEY `contestant_player_FK_1` (`player_id`),
  CONSTRAINT `contestant_player_FK` FOREIGN KEY (`contestant_id`) REFERENCES `contestants` (`id`) ON DELETE CASCADE ON UPDATE CASCADE,
  CONSTRAINT `contestant_player_FK_1` FOREIGN KEY (`player_id`) REFERENCES `players` (`id`) ON DELETE CASCADE ON UPDATE CASCADE
) ENGINE=InnoDB DEFAULT CHARSET=utf8mb4;
/*!40101 SET character_set_client = @saved_cs_client */;

--
-- Dumping data for table `contestant_player`
--

LOCK TABLES `contestant_player` WRITE;
/*!40000 ALTER TABLE `contestant_player` DISABLE KEYS */;
INSERT INTO `contestant_player` VALUES (1,1,2020,1),(1,1,2020,2),(1,2,2020,1),(1,2,2020,2),(1,3,2020,1),(1,3,2020,2),(1,4,2020,1),(1,4,2020,2),(1,5,2020,1),(1,5,2020,2),(1,6,2020,1),(1,6,2020,2),(1,7,2020,1),(1,7,2020,2),(1,8,2020,1),(1,8,2020,2),(1,9,2020,1),(1,9,2020,2),(1,10,2020,1),(1,10,2020,2),(1,11,2020,1),(1,11,2020,2),(1,12,2020,1),(1,12,2020,2),(1,13,2020,1),(1,13,2020,2),(1,14,2020,1),(1,14,2020,2),(1,15,2020,1),(1,15,2020,2),(1,16,2020,1),(1,16,2020,2),(1,17,2020,1),(1,17,2020,2),(1,18,2020,1),(1,18,2020,2),(1,127,2020,1),(1,127,2020,2),(1,128,2020,1),(1,128,2020,2),(1,129,2020,1),(1,129,2020,2),(1,130,2020,1),(1,130,2020,2),(1,131,2020,1),(1,131,2020,2),(1,168,2020,1),(1,168,2020,2),(1,169,2020,1),(1,169,2020,2),(1,170,2020,1),(1,170,2020,2),(1,171,2020,1),(1,171,2020,2),(1,172,2020,1),(1,172,2020,2),(1,435,2020,1),(1,435,2020,2),(1,436,2020,1),(1,436,2020,2),(1,437,2020,1),(1,437,2020,2),(1,459,2020,1),(1,459,2020,2),(2,19,2020,1),(2,19,2020,2),(2,20,2020,1),(2,20,2020,2),(2,21,2020,1),(2,21,2020,2),(2,22,2020,1),(2,22,2020,2),(2,23,2020,1),(2,23,2020,2),(2,24,2020,1),(2,24,2020,2),(2,25,2020,1),(2,25,2020,2),(2,26,2020,1),(2,26,2020,2),(2,27,2020,1),(2,27,2020,2),(2,28,2020,1),(2,28,2020,2),(2,29,2020,1),(2,29,2020,2),(2,30,2020,1),(2,30,2020,2),(2,31,2020,1),(2,31,2020,2),(2,32,2020,1),(2,32,2020,2),(2,33,2020,1),(2,33,2020,2),(2,34,2020,1),(2,34,2020,2),(2,35,2020,1),(2,35,2020,2),(2,36,2020,1),(2,36,2020,2),(2,132,2020,1),(2,132,2020,2),(2,133,2020,1),(2,133,2020,2),(2,134,2020,1),(2,134,2020,2),(2,135,2020,1),(2,135,2020,2),(2,136,2020,1),(2,136,2020,2),(2,173,2020,1),(2,173,2020,2),(2,174,2020,1),(2,174,2020,2),(2,175,2020,1),(2,175,2020,2),(2,194,2020,1),(2,194,2020,2),(2,512,2020,1),(2,512,2020,2),(2,518,2020,1),(2,518,2020,2),(2,534,2020,1),(2,534,2020,2),(3,37,2020,1),(3,37,2020,2),(3,38,2020,1),(3,38,2020,2),(3,39,2020,1),(3,39,2020,2),(3,40,2020,1),(3,40,2020,2),(3,41,2020,1),(3,41,2020,2),(3,42,2020,1),(3,42,2020,2),(3,43,2020,1),(3,43,2020,2),(3,44,2020,1),(3,44,2020,2),(3,45,2020,1),(3,45,2020,2),(3,46,2020,1),(3,46,2020,2),(3,47,2020,1),(3,47,2020,2),(3,49,2020,1),(3,49,2020,2),(3,50,2020,1),(3,50,2020,2),(3,51,2020,1),(3,51,2020,2),(3,52,2020,1),(3,52,2020,2),(3,53,2020,1),(3,53,2020,2),(3,54,2020,1),(3,54,2020,2),(3,292,2020,1),(3,292,2020,2),(3,293,2020,1),(3,293,2020,2),(3,294,2020,1),(3,294,2020,2),(3,408,2020,1),(3,408,2020,2),(3,409,2020,1),(3,409,2020,2),(3,431,2020,1),(3,431,2020,2),(3,438,2020,1),(3,438,2020,2),(3,442,2020,1),(3,442,2020,2),(3,443,2020,1),(3,443,2020,2),(3,444,2020,1),(3,444,2020,2),(3,476,2020,1),(3,476,2020,2),(3,527,2020,1),(3,527,2020,2),(4,55,2020,1),(4,55,2020,2),(4,56,2020,1),(4,56,2020,2),(4,57,2020,1),(4,57,2020,2),(4,58,2020,1),(4,58,2020,2),(4,59,2020,1),(4,59,2020,2),(4,60,2020,1),(4,60,2020,2),(4,61,2020,1),(4,61,2020,2),(4,62,2020,1),(4,62,2020,2),(4,63,2020,1),(4,63,2020,2),(4,64,2020,1),(4,64,2020,2),(4,65,2020,1),(4,65,2020,2),(4,66,2020,1),(4,66,2020,2),(4,67,2020,1),(4,67,2020,2),(4,68,2020,1),(4,68,2020,2),(4,69,2020,1),(4,69,2020,2),(4,70,2020,1),(4,70,2020,2),(4,71,2020,1),(4,71,2020,2),(4,72,2020,1),(4,72,2020,2),(4,313,2020,1),(4,313,2020,2),(4,314,2020,1),(4,314,2020,2),(4,315,2020,1),(4,315,2020,2),(4,316,2020,1),(4,316,2020,2),(4,477,2020,1),(4,477,2020,2),(4,501,2020,1),(4,501,2020,2),(4,503,2020,1),(4,503,2020,2),(4,528,2020,1),(4,528,2020,2),(4,547,2020,1),(4,547,2020,2),(5,73,2020,1),(5,73,2020,2),(5,74,2020,1),(5,74,2020,2),(5,75,2020,1),(5,75,2020,2),(5,76,2020,1),(5,76,2020,2),(5,78,2020,1),(5,78,2020,2),(5,79,2020,1),(5,79,2020,2),(5,80,2020,1),(5,80,2020,2),(5,81,2020,1),(5,81,2020,2),(5,82,2020,1),(5,82,2020,2),(5,83,2020,1),(5,83,2020,2),(5,84,2020,1),(5,84,2020,2),(5,85,2020,1),(5,85,2020,2),(5,86,2020,1),(5,86,2020,2),(5,87,2020,1),(5,87,2020,2),(5,88,2020,1),(5,88,2020,2),(5,89,2020,1),(5,89,2020,2),(5,90,2020,1),(5,90,2020,2),(5,161,2020,1),(5,161,2020,2),(5,162,2020,1),(5,162,2020,2),(5,163,2020,1),(5,163,2020,2),(5,164,2020,1),(5,164,2020,2),(5,165,2020,1),(5,165,2020,2),(5,166,2020,1),(5,166,2020,2),(5,167,2020,1),(5,167,2020,2),(5,367,2020,1),(5,367,2020,2),(5,368,2020,1),(5,368,2020,2),(5,369,2020,1),(5,369,2020,2),(5,508,2020,1),(5,508,2020,2),(6,91,2020,1),(6,91,2020,2),(6,92,2020,1),(6,92,2020,2),(6,93,2020,1),(6,93,2020,2),(6,94,2020,1),(6,94,2020,2),(6,95,2020,1),(6,95,2020,2),(6,96,2020,1),(6,96,2020,2),(6,97,2020,1),(6,97,2020,2),(6,98,2020,1),(6,98,2020,2),(6,99,2020,1),(6,99,2020,2),(6,100,2020,1),(6,100,2020,2),(6,101,2020,1),(6,101,2020,2),(6,102,2020,1),(6,102,2020,2),(6,103,2020,1),(6,103,2020,2),(6,104,2020,1),(6,104,2020,2),(6,105,2020,1),(6,105,2020,2),(6,106,2020,1),(6,106,2020,2),(6,107,2020,1),(6,107,2020,2),(6,108,2020,1),(6,108,2020,2),(6,347,2020,1),(6,347,2020,2),(6,348,2020,1),(6,348,2020,2),(6,422,2020,1),(6,422,2020,2),(6,423,2020,1),(6,423,2020,2),(6,424,2020,1),(6,424,2020,2),(6,425,2020,1),(6,425,2020,2),(6,456,2020,1),(6,456,2020,2),(6,457,2020,1),(6,457,2020,2),(6,467,2020,1),(6,467,2020,2),(6,488,2020,1),(6,488,2020,2),(6,507,2020,1),(6,507,2020,2),(6,548,2020,1),(6,548,2020,2),(6,549,2020,1),(6,549,2020,2),(7,109,2020,1),(7,109,2020,2),(7,110,2020,1),(7,110,2020,2),(7,111,2020,1),(7,111,2020,2),(7,112,2020,1),(7,112,2020,2),(7,113,2020,1),(7,113,2020,2),(7,114,2020,1),(7,114,2020,2),(7,115,2020,1),(7,115,2020,2),(7,116,2020,1),(7,116,2020,2),(7,117,2020,1),(7,117,2020,2),(7,118,2020,1),(7,118,2020,2),(7,119,2020,1),(7,119,2020,2),(7,120,2020,1),(7,120,2020,2),(7,121,2020,1),(7,121,2020,2),(7,122,2020,1),(7,122,2020,2),(7,123,2020,1),(7,123,2020,2),(7,124,2020,1),(7,124,2020,2),(7,125,2020,1),(7,125,2020,2),(7,126,2020,1),(7,126,2020,2),(7,137,2020,1),(7,137,2020,2),(7,138,2020,1),(7,138,2020,2),(7,139,2020,1),(7,139,2020,2),(7,140,2020,1),(7,140,2020,2),(7,141,2020,1),(7,141,2020,2),(7,142,2020,1),(7,142,2020,2),(7,449,2020,1),(7,449,2020,2),(7,458,2020,1),(7,458,2020,2),(7,502,2020,1),(7,502,2020,2),(7,539,2020,1),(7,539,2020,2),(7,542,2020,1),(7,542,2020,2),(7,544,2020,1),(7,544,2020,2),(8,143,2020,1),(8,143,2020,2),(8,144,2020,1),(8,144,2020,2),(8,145,2020,1),(8,145,2020,2),(8,146,2020,1),(8,146,2020,2),(8,147,2020,1),(8,147,2020,2),(8,148,2020,1),(8,148,2020,2),(8,149,2020,1),(8,149,2020,2),(8,150,2020,1),(8,150,2020,2),(8,151,2020,1),(8,151,2020,2),(8,152,2020,1),(8,152,2020,2),(8,153,2020,1),(8,153,2020,2),(8,154,2020,1),(8,154,2020,2),(8,155,2020,1),(8,155,2020,2),(8,156,2020,1),(8,156,2020,2),(8,157,2020,1),(8,157,2020,2),(8,158,2020,1),(8,158,2020,2),(8,159,2020,1),(8,159,2020,2),(8,160,2020,1),(8,160,2020,2),(8,325,2020,1),(8,325,2020,2),(8,326,2020,1),(8,326,2020,2),(8,327,2020,1),(8,327,2020,2),(8,328,2020,1),(8,328,2020,2),(8,400,2020,1),(8,400,2020,2),(8,401,2020,1),(8,401,2020,2),(8,402,2020,1),(8,402,2020,2),(8,441,2020,1),(8,441,2020,2),(8,463,2020,1),(8,463,2020,2),(8,513,2020,1),(8,513,2020,2),(9,176,2020,1),(9,176,2020,2),(9,177,2020,1),(9,177,2020,2),(9,178,2020,1),(9,178,2020,2),(9,179,2020,1),(9,179,2020,2),(9,180,2020,1),(9,180,2020,2),(9,181,2020,1),(9,181,2020,2),(9,182,2020,1),(9,182,2020,2),(9,183,2020,1),(9,183,2020,2),(9,184,2020,1),(9,184,2020,2),(9,185,2020,1),(9,185,2020,2),(9,186,2020,1),(9,186,2020,2),(9,187,2020,1),(9,187,2020,2),(9,188,2020,1),(9,188,2020,2),(9,189,2020,1),(9,189,2020,2),(9,190,2020,1),(9,190,2020,2),(9,191,2020,1),(9,191,2020,2),(9,192,2020,1),(9,192,2020,2),(9,193,2020,1),(9,193,2020,2),(9,416,2020,1),(9,416,2020,2),(9,417,2020,1),(9,417,2020,2),(9,418,2020,1),(9,418,2020,2),(9,419,2020,1),(9,419,2020,2),(9,420,2020,1),(9,420,2020,2),(9,421,2020,1),(9,421,2020,2),(9,426,2020,1),(9,426,2020,2),(9,427,2020,1),(9,427,2020,2),(9,428,2020,1),(9,428,2020,2),(9,450,2020,1),(9,450,2020,2),(9,491,2020,1),(9,491,2020,2),(9,492,2020,1),(9,492,2020,2),(9,505,2020,1),(9,505,2020,2),(9,515,2020,1),(9,515,2020,2),(9,516,2020,1),(9,516,2020,2),(10,195,2020,1),(10,195,2020,2),(10,196,2020,1),(10,196,2020,2),(10,197,2020,1),(10,197,2020,2),(10,198,2020,1),(10,198,2020,2),(10,199,2020,1),(10,199,2020,2),(10,200,2020,1),(10,200,2020,2),(10,201,2020,1),(10,201,2020,2),(10,202,2020,1),(10,202,2020,2),(10,203,2020,1),(10,203,2020,2),(10,204,2020,1),(10,204,2020,2),(10,205,2020,1),(10,205,2020,2),(10,206,2020,1),(10,206,2020,2),(10,207,2020,1),(10,207,2020,2),(10,208,2020,1),(10,208,2020,2),(10,209,2020,1),(10,209,2020,2),(10,210,2020,1),(10,210,2020,2),(10,211,2020,1),(10,211,2020,2),(10,212,2020,1),(10,212,2020,2),(10,403,2020,1),(10,403,2020,2),(10,404,2020,1),(10,404,2020,2),(10,405,2020,1),(10,405,2020,2),(10,406,2020,1),(10,406,2020,2),(10,407,2020,1),(10,407,2020,2),(10,439,2020,1),(10,439,2020,2),(10,440,2020,1),(10,440,2020,2),(10,448,2020,1),(10,448,2020,2),(10,473,2020,1),(10,473,2020,2),(10,474,2020,1),(10,474,2020,2),(10,478,2020,1),(10,478,2020,2),(10,517,2020,1),(10,517,2020,2),(10,537,2020,1),(10,537,2020,2),(11,48,2020,1),(11,48,2020,2),(11,213,2020,1),(11,213,2020,2),(11,214,2020,1),(11,214,2020,2),(11,215,2020,1),(11,215,2020,2),(11,216,2020,1),(11,216,2020,2),(11,217,2020,1),(11,217,2020,2),(11,218,2020,1),(11,218,2020,2),(11,219,2020,1),(11,219,2020,2),(11,220,2020,1),(11,220,2020,2),(11,221,2020,1),(11,221,2020,2),(11,222,2020,1),(11,222,2020,2),(11,223,2020,1),(11,223,2020,2),(11,224,2020,1),(11,224,2020,2),(11,225,2020,1),(11,225,2020,2),(11,226,2020,1),(11,226,2020,2),(11,227,2020,1),(11,227,2020,2),(11,228,2020,1),(11,228,2020,2),(11,229,2020,1),(11,229,2020,2),(11,230,2020,1),(11,230,2020,2),(11,267,2020,1),(11,267,2020,2),(11,268,2020,1),(11,268,2020,2),(11,269,2020,1),(11,269,2020,2),(11,270,2020,1),(11,270,2020,2),(11,271,2020,1),(11,271,2020,2),(11,272,2020,1),(11,272,2020,2),(11,273,2020,1),(11,273,2020,2),(11,451,2020,1),(11,451,2020,2),(11,489,2020,1),(11,489,2020,2),(11,506,2020,1),(11,506,2020,2),(11,531,2020,1),(11,531,2020,2),(11,535,2020,1),(11,535,2020,2),(11,546,2020,1),(11,546,2020,2),(12,231,2020,1),(12,231,2020,2),(12,232,2020,1),(12,232,2020,2),(12,233,2020,1),(12,233,2020,2),(12,234,2020,1),(12,234,2020,2),(12,235,2020,1),(12,235,2020,2),(12,236,2020,1),(12,236,2020,2),(12,237,2020,1),(12,237,2020,2),(12,238,2020,1),(12,238,2020,2),(12,239,2020,1),(12,239,2020,2),(12,240,2020,1),(12,240,2020,2),(12,241,2020,1),(12,241,2020,2),(12,242,2020,1),(12,242,2020,2),(12,243,2020,1),(12,243,2020,2),(12,244,2020,1),(12,244,2020,2),(12,245,2020,1),(12,245,2020,2),(12,246,2020,1),(12,246,2020,2),(12,247,2020,1),(12,247,2020,2),(12,248,2020,1),(12,248,2020,2),(12,411,2020,1),(12,411,2020,2),(12,412,2020,1),(12,412,2020,2),(12,413,2020,1),(12,413,2020,2),(12,414,2020,1),(12,414,2020,2),(12,415,2020,1),(12,415,2020,2),(12,452,2020,1),(12,452,2020,2),(12,453,2020,1),(12,453,2020,2),(12,454,2020,1),(12,454,2020,2),(12,498,2020,1),(12,498,2020,2),(12,499,2020,1),(12,499,2020,2),(12,500,2020,1),(12,500,2020,2),(12,532,2020,1),(12,532,2020,2),(12,545,2020,1),(12,545,2020,2),(13,249,2020,1),(13,249,2020,2),(13,250,2020,1),(13,250,2020,2),(13,251,2020,1),(13,251,2020,2),(13,252,2020,1),(13,252,2020,2),(13,253,2020,1),(13,253,2020,2),(13,254,2020,1),(13,254,2020,2),(13,255,2020,1),(13,255,2020,2),(13,256,2020,1),(13,256,2020,2),(13,257,2020,1),(13,257,2020,2),(13,258,2020,1),(13,258,2020,2),(13,259,2020,1),(13,259,2020,2),(13,260,2020,1),(13,260,2020,2),(13,261,2020,1),(13,261,2020,2),(13,262,2020,1),(13,262,2020,2),(13,263,2020,1),(13,263,2020,2),(13,264,2020,1),(13,264,2020,2),(13,265,2020,1),(13,265,2020,2),(13,266,2020,1),(13,266,2020,2),(13,432,2020,1),(13,432,2020,2),(13,433,2020,1),(13,433,2020,2),(13,434,2020,1),(13,434,2020,2),(13,461,2020,1),(13,461,2020,2),(13,462,2020,1),(13,462,2020,2),(13,519,2020,1),(13,519,2020,2),(13,520,2020,1),(13,520,2020,2),(13,521,2020,1),(13,521,2020,2),(13,524,2020,1),(13,524,2020,2),(13,525,2020,1),(13,525,2020,2),(13,536,2020,1),(13,536,2020,2),(14,77,2020,1),(14,77,2020,2),(14,274,2020,1),(14,274,2020,2),(14,275,2020,1),(14,275,2020,2),(14,276,2020,1),(14,276,2020,2),(14,277,2020,1),(14,277,2020,2),(14,278,2020,1),(14,278,2020,2),(14,279,2020,1),(14,279,2020,2),(14,280,2020,1),(14,280,2020,2),(14,281,2020,1),(14,281,2020,2),(14,282,2020,1),(14,282,2020,2),(14,283,2020,1),(14,283,2020,2),(14,284,2020,1),(14,284,2020,2),(14,285,2020,1),(14,285,2020,2),(14,286,2020,1),(14,286,2020,2),(14,287,2020,1),(14,287,2020,2),(14,288,2020,1),(14,288,2020,2),(14,289,2020,1),(14,289,2020,2),(14,290,2020,1),(14,290,2020,2),(14,291,2020,1),(14,291,2020,2),(14,317,2020,1),(14,317,2020,2),(14,318,2020,1),(14,318,2020,2),(14,319,2020,1),(14,319,2020,2),(14,320,2020,1),(14,320,2020,2),(14,321,2020,1),(14,321,2020,2),(14,322,2020,1),(14,322,2020,2),(14,323,2020,1),(14,323,2020,2),(14,324,2020,1),(14,324,2020,2),(14,455,2020,1),(14,455,2020,2),(14,493,2020,1),(14,493,2020,2),(14,494,2020,1),(14,494,2020,2),(14,495,2020,1),(14,495,2020,2),(14,496,2020,1),(14,496,2020,2),(14,497,2020,1),(14,497,2020,2),(14,509,2020,1),(14,509,2020,2),(14,538,2020,1),(14,538,2020,2),(15,295,2020,1),(15,295,2020,2),(15,296,2020,1),(15,296,2020,2),(15,297,2020,1),(15,297,2020,2),(15,298,2020,1),(15,298,2020,2),(15,299,2020,1),(15,299,2020,2),(15,300,2020,1),(15,300,2020,2),(15,301,2020,1),(15,301,2020,2),(15,302,2020,1),(15,302,2020,2),(15,303,2020,1),(15,303,2020,2),(15,304,2020,1),(15,304,2020,2),(15,305,2020,1),(15,305,2020,2),(15,306,2020,1),(15,306,2020,2),(15,307,2020,1),(15,307,2020,2),(15,308,2020,1),(15,308,2020,2),(15,309,2020,1),(15,309,2020,2),(15,310,2020,1),(15,310,2020,2),(15,311,2020,1),(15,311,2020,2),(15,312,2020,1),(15,312,2020,2),(15,468,2020,1),(15,468,2020,2),(15,469,2020,1),(15,469,2020,2),(15,470,2020,1),(15,470,2020,2),(15,471,2020,1),(15,471,2020,2),(15,472,2020,1),(15,472,2020,2),(15,482,2020,1),(15,482,2020,2),(15,483,2020,1),(15,483,2020,2),(15,484,2020,1),(15,484,2020,2),(15,485,2020,1),(15,485,2020,2),(15,486,2020,1),(15,486,2020,2),(15,487,2020,1),(15,487,2020,2),(15,490,2020,1),(15,490,2020,2),(15,504,2020,1),(15,504,2020,2),(15,511,2020,1),(15,511,2020,2),(15,514,2020,1),(15,514,2020,2),(15,529,2020,1),(15,529,2020,2),(15,530,2020,1),(15,530,2020,2),(15,533,2020,1),(15,533,2020,2),(15,541,2020,1),(15,541,2020,2),(16,329,2020,1),(16,329,2020,2),(16,330,2020,1),(16,330,2020,2),(16,331,2020,1),(16,331,2020,2),(16,332,2020,1),(16,332,2020,2),(16,333,2020,1),(16,333,2020,2),(16,334,2020,1),(16,334,2020,2),(16,335,2020,1),(16,335,2020,2),(16,336,2020,1),(16,336,2020,2),(16,337,2020,1),(16,337,2020,2),(16,338,2020,1),(16,338,2020,2),(16,339,2020,1),(16,339,2020,2),(16,340,2020,1),(16,340,2020,2),(16,341,2020,1),(16,341,2020,2),(16,342,2020,1),(16,342,2020,2),(16,343,2020,1),(16,343,2020,2),(16,344,2020,1),(16,344,2020,2),(16,345,2020,1),(16,345,2020,2),(16,346,2020,1),(16,346,2020,2),(16,391,2020,1),(16,391,2020,2),(16,392,2020,1),(16,392,2020,2),(16,393,2020,1),(16,393,2020,2),(16,394,2020,1),(16,394,2020,2),(16,395,2020,1),(16,395,2020,2),(16,396,2020,1),(16,396,2020,2),(16,445,2020,1),(16,445,2020,2),(16,446,2020,1),(16,446,2020,2),(16,447,2020,1),(16,447,2020,2),(16,475,2020,1),(16,475,2020,2),(16,540,2020,1),(16,540,2020,2),(16,543,2020,1),(16,543,2020,2),(17,349,2020,1),(17,349,2020,2),(17,350,2020,1),(17,350,2020,2),(17,351,2020,1),(17,351,2020,2),(17,352,2020,1),(17,352,2020,2),(17,353,2020,1),(17,353,2020,2),(17,354,2020,1),(17,354,2020,2),(17,355,2020,1),(17,355,2020,2),(17,356,2020,1),(17,356,2020,2),(17,357,2020,1),(17,357,2020,2),(17,358,2020,1),(17,358,2020,2),(17,359,2020,1),(17,359,2020,2),(17,360,2020,1),(17,360,2020,2),(17,361,2020,1),(17,361,2020,2),(17,362,2020,1),(17,362,2020,2),(17,363,2020,1),(17,363,2020,2),(17,364,2020,1),(17,364,2020,2),(17,365,2020,1),(17,365,2020,2),(17,366,2020,1),(17,366,2020,2),(17,397,2020,1),(17,397,2020,2),(17,398,2020,1),(17,398,2020,2),(17,399,2020,1),(17,399,2020,2),(17,460,2020,1),(17,460,2020,2),(17,464,2020,1),(17,464,2020,2),(17,465,2020,1),(17,465,2020,2),(17,479,2020,1),(17,479,2020,2),(17,480,2020,1),(17,480,2020,2),(17,481,2020,1),(17,481,2020,2),(17,510,2020,1),(17,510,2020,2),(17,523,2020,1),(17,523,2020,2),(17,526,2020,1),(17,526,2020,2),(18,370,2020,1),(18,370,2020,2),(18,371,2020,1),(18,371,2020,2),(18,372,2020,1),(18,372,2020,2),(18,373,2020,1),(18,373,2020,2),(18,374,2020,1),(18,374,2020,2),(18,375,2020,1),(18,375,2020,2),(18,376,2020,1),(18,376,2020,2),(18,377,2020,1),(18,377,2020,2),(18,378,2020,1),(18,378,2020,2),(18,379,2020,1),(18,379,2020,2),(18,380,2020,1),(18,380,2020,2),(18,381,2020,1),(18,381,2020,2),(18,382,2020,1),(18,382,2020,2),(18,383,2020,1),(18,383,2020,2),(18,384,2020,1),(18,384,2020,2),(18,385,2020,1),(18,385,2020,2),(18,386,2020,1),(18,386,2020,2),(18,387,2020,1),(18,387,2020,2),(18,388,2020,1),(18,388,2020,2),(18,389,2020,1),(18,389,2020,2),(18,390,2020,1),(18,390,2020,2),(18,410,2020,1),(18,410,2020,2),(18,429,2020,1),(18,429,2020,2),(18,430,2020,1),(18,430,2020,2),(18,466,2020,1),(18,466,2020,2),(18,522,2020,1),(18,522,2020,2);
/*!40000 ALTER TABLE `contestant_player` ENABLE KEYS */;
UNLOCK TABLES;

--
-- Table structure for table `contestants`
--

DROP TABLE IF EXISTS `contestants`;
/*!40101 SET @saved_cs_client     = @@character_set_client */;
/*!40101 SET character_set_client = utf8 */;
CREATE TABLE `contestants` (
  `id` bigint(20) unsigned NOT NULL AUTO_INCREMENT COMMENT 'PK',
  `name` varchar(255) NOT NULL COMMENT 'name of the team',
  `short_name` varchar(255) DEFAULT NULL COMMENT 'short name of the team',
  PRIMARY KEY (`id`)
) ENGINE=InnoDB AUTO_INCREMENT=19 DEFAULT CHARSET=utf8mb4;
/*!40101 SET character_set_client = @saved_cs_client */;

--
-- Dumping data for table `contestants`
--

LOCK TABLES `contestants` WRITE;
/*!40000 ALTER TABLE `contestants` DISABLE KEYS */;
INSERT INTO `contestants` VALUES (1,'Universidad Concepción','U. Concepción'),(2,'Audax Italiano','Audax'),(3,'Unión Española','Unión Española'),(4,'Huachipato','Huachipato'),(5,'Universidad Católica','Univ Católica'),(6,'O\'Higgins','O\'Higgins'),(7,'Curicó Unido','Curicó Unido'),(8,'Everton','Everton'),(9,'Palestino','Palestino'),(10,'Cobresal','Cobresal'),(11,'Coquimbo Unido','Coquimbo'),(12,'Deportes Iquique','Iquique'),(13,'Universidad de Chile','U. de Chile'),(14,'La Serena','La Serena'),(15,'Colo Colo','Colo Colo'),(16,'Unión La Calera','U. La Calera'),(17,'Santiago Wanderers','Wanderers'),(18,'Deportivo Antofagasta','Antofagasta');
/*!40000 ALTER TABLE `contestants` ENABLE KEYS */;
UNLOCK TABLES;

--
-- Table structure for table `goal_types`
--

DROP TABLE IF EXISTS `goal_types`;
/*!40101 SET @saved_cs_client     = @@character_set_client */;
/*!40101 SET character_set_client = utf8 */;
CREATE TABLE `goal_types` (
  `id` bigint(20) unsigned NOT NULL AUTO_INCREMENT COMMENT 'PK',
  `label` varchar(100) NOT NULL COMMENT 'label for the type of goal',
  PRIMARY KEY (`id`)
) ENGINE=InnoDB AUTO_INCREMENT=4 DEFAULT CHARSET=utf8mb4;
/*!40101 SET character_set_client = @saved_cs_client */;

--
-- Dumping data for table `goal_types`
--

LOCK TABLES `goal_types` WRITE;
/*!40000 ALTER TABLE `goal_types` DISABLE KEYS */;
INSERT INTO `goal_types` VALUES (1,'OG'),(2,'PG'),(3,'G');
/*!40000 ALTER TABLE `goal_types` ENABLE KEYS */;
UNLOCK TABLES;

--
-- Table structure for table `goals`
--

DROP TABLE IF EXISTS `goals`;
/*!40101 SET @saved_cs_client     = @@character_set_client */;
/*!40101 SET character_set_client = utf8 */;
CREATE TABLE `goals` (
  `id` bigint(20) unsigned NOT NULL AUTO_INCREMENT COMMENT 'PK',
  `match_id` bigint(20) unsigned NOT NULL COMMENT 'FK to matches table (match where the goal was scored)',
  `player_id` bigint(20) unsigned NOT NULL COMMENT 'FK to players table (scorer)',
  `goal_type_id` bigint(20) unsigned NOT NULL COMMENT 'FK to goal_types (own goal/penalty/etc)',
  `time_min` int(10) unsigned DEFAULT NULL COMMENT 'minute when the goal was scored (1-based)',
  `time_sec` int(11) DEFAULT NULL COMMENT 'second when the goal was scored (0-based)',
  `time_string` varchar(100) DEFAULT NULL COMMENT 'time representation for the goal (M)M:SS',
  PRIMARY KEY (`id`),
  KEY `goals_FK` (`match_id`),
  KEY `goals_FK_1` (`player_id`),
  KEY `goals_FK_2` (`goal_type_id`),
  CONSTRAINT `goals_FK` FOREIGN KEY (`match_id`) REFERENCES `matches` (`id`) ON DELETE CASCADE ON UPDATE CASCADE,
  CONSTRAINT `goals_FK_1` FOREIGN KEY (`player_id`) REFERENCES `players` (`id`) ON DELETE CASCADE ON UPDATE CASCADE,
  CONSTRAINT `goals_FK_2` FOREIGN KEY (`goal_type_id`) REFERENCES `goal_types` (`id`) ON DELETE CASCADE ON UPDATE CASCADE
) ENGINE=InnoDB AUTO_INCREMENT=535 DEFAULT CHARSET=utf8mb4;
/*!40101 SET character_set_client = @saved_cs_client */;

--
-- Dumping data for table `goals`
--

LOCK TABLES `goals` WRITE;
/*!40000 ALTER TABLE `goals` DISABLE KEYS */;
INSERT INTO `goals` VALUES (1,1,8,3,41,58,'40:58'),(2,1,10,3,57,46,'56:46'),(3,1,29,3,76,39,'75:39'),(4,1,2,3,83,47,'82:47'),(5,2,45,3,5,59,'4:59'),(6,2,59,1,14,35,'13:35'),(7,2,64,3,21,35,'20:35'),(8,2,46,3,43,1,'42:01'),(9,2,62,2,50,21,'49:21'),(10,2,44,3,54,0,'54:00'),(11,2,65,3,66,21,'65:21'),(12,2,61,2,97,38,'96:38'),(13,3,80,3,14,25,'13:25'),(14,3,101,3,51,29,'50:29'),(15,3,76,3,65,13,'64:13'),(16,3,107,3,81,18,'80:18'),(17,3,90,3,92,25,'91:25'),(18,4,117,3,7,19,'6:19'),(19,4,10,3,26,31,'25:31'),(20,4,119,3,49,45,'48:45'),(21,4,8,3,52,16,'51:16'),(22,6,83,3,46,17,'45:17'),(23,6,152,3,48,48,'47:48'),(24,6,153,3,51,46,'50:46'),(25,6,78,2,72,11,'71:11'),(26,7,8,2,66,17,'65:17'),(27,7,113,3,76,8,'75:08'),(28,7,126,2,89,36,'88:36'),(29,8,185,3,84,25,'83:25'),(30,9,203,2,21,25,'20:25'),(31,9,32,3,24,1,'23:01'),(32,9,173,3,61,38,'60:38'),(33,9,29,3,64,30,'63:30'),(34,9,135,3,72,37,'71:37'),(35,10,9,3,33,50,'32:50'),(36,10,8,3,86,31,'85:31'),(37,11,259,3,8,51,'7:51'),(38,11,258,3,36,24,'35:24'),(39,12,219,3,14,53,'13:53'),(40,12,284,3,54,58,'53:58'),(41,12,222,3,70,34,'69:34'),(42,13,304,3,10,41,'9:41'),(43,13,47,3,46,44,'45:44'),(44,13,40,1,64,39,'63:39'),(45,14,322,2,16,47,'15:47'),(46,14,65,2,39,4,'38:04'),(47,15,339,3,71,16,'70:16'),(48,16,101,2,8,54,'7:54'),(49,16,353,3,16,17,'15:17'),(50,16,101,3,80,26,'79:26'),(51,17,368,3,6,24,'5:24'),(52,17,380,3,13,24,'12:24'),(53,17,368,3,28,55,'27:55'),(54,17,75,3,32,59,'31:59'),(55,17,375,3,55,57,'54:57'),(56,17,367,3,59,5,'58:05'),(57,17,383,3,81,21,'80:21'),(58,17,83,2,90,40,'89:40'),(59,18,376,3,22,32,'21:32'),(60,18,376,3,24,58,'23:58'),(61,18,344,2,65,58,'64:58'),(62,18,390,3,100,43,'99:43'),(63,19,152,2,51,34,'50:34'),(64,19,366,3,64,52,'63:52'),(65,19,362,2,96,29,'95:29'),(66,20,78,3,86,49,'85:49'),(67,21,45,3,28,34,'27:34'),(68,21,10,3,56,8,'55:08'),(69,22,80,3,26,47,'25:47'),(70,22,381,2,35,57,'34:57'),(71,22,83,3,45,7,'44:07'),(72,22,83,3,79,33,'78:33'),(73,22,378,3,92,46,'91:46'),(74,23,78,2,26,7,'25:07'),(75,23,83,3,37,22,'36:22'),(76,23,411,3,48,9,'47:09'),(77,23,80,3,61,52,'60:52'),(78,24,337,3,75,7,'74:07'),(79,25,102,3,82,36,'81:36'),(80,27,259,3,22,20,'21:20'),(81,27,46,3,48,21,'47:21'),(82,27,44,3,55,41,'54:41'),(83,27,46,3,81,24,'80:24'),(84,28,46,3,57,7,'56:07'),(85,28,435,3,62,28,'61:28'),(86,28,50,3,71,7,'70:07'),(87,28,292,2,93,26,'92:26'),(88,28,8,2,97,21,'96:21'),(89,29,204,3,18,43,'17:43'),(90,29,325,3,22,39,'21:39'),(91,30,46,3,6,39,'5:39'),(92,30,292,3,43,35,'42:35'),(93,30,46,3,49,53,'48:53'),(94,30,447,3,54,43,'53:43'),(95,30,447,3,67,33,'66:33'),(96,31,205,3,29,46,'28:46'),(97,31,204,3,44,26,'43:26'),(98,31,405,3,83,46,'82:46'),(99,31,448,3,94,35,'93:35'),(100,32,257,3,29,27,'28:27'),(101,32,259,3,51,9,'50:09'),(102,32,187,3,79,8,'78:08'),(103,32,420,3,89,28,'88:28'),(104,33,218,3,53,27,'52:27'),(105,33,62,3,60,22,'59:22'),(106,33,65,2,82,19,'81:19'),(107,34,380,2,38,41,'37:41'),(108,34,381,3,45,56,'44:56'),(109,34,371,3,54,39,'53:39'),(110,34,380,3,91,44,'90:44'),(111,35,234,3,11,43,'10:43'),(112,35,16,3,23,3,'22:03'),(113,36,241,3,56,16,'55:16'),(114,37,232,3,14,25,'13:25'),(115,37,240,3,66,7,'65:07'),(116,38,100,3,18,42,'17:42'),(117,38,120,3,50,28,'49:28'),(118,38,99,3,53,30,'52:30'),(119,38,118,3,82,14,'81:14'),(120,39,128,3,27,26,'26:26'),(121,39,326,2,71,19,'70:19'),(122,39,153,3,93,46,'92:46'),(123,40,358,2,42,8,'41:08'),(124,40,254,2,67,52,'66:52'),(125,40,258,3,73,5,'72:05'),(126,41,152,3,22,4,'21:04'),(127,41,147,3,78,5,'77:05'),(128,41,357,3,82,46,'81:46'),(129,41,353,3,92,11,'91:11'),(130,42,152,3,22,4,'21:04'),(131,42,380,3,24,59,'23:59'),(132,43,241,2,54,50,'53:50'),(133,44,44,3,47,49,'46:49'),(134,44,40,3,88,53,'87:53'),(135,45,139,2,28,6,'27:06'),(136,45,118,2,41,3,'40:03'),(137,45,83,2,56,11,'55:11'),(138,45,118,2,91,56,'90:56'),(139,45,83,3,96,14,'95:14'),(140,46,139,3,18,35,'17:35'),(141,46,120,3,86,10,'85:10'),(142,47,448,3,17,58,'16:58'),(143,47,388,3,59,15,'58:15'),(144,47,376,3,67,48,'66:48'),(145,48,344,2,46,26,'45:26'),(146,49,64,3,8,6,'7:06'),(147,50,211,3,40,6,'39:06'),(148,50,83,2,56,44,'55:44'),(149,50,83,3,79,18,'78:18'),(150,51,45,3,26,24,'25:24'),(151,51,101,2,41,25,'40:25'),(152,51,44,3,45,51,'44:51'),(153,51,92,1,79,47,'78:47'),(154,52,64,3,48,5,'47:05'),(155,52,362,2,51,11,'50:11'),(156,52,362,3,54,15,'53:15'),(157,52,366,3,67,24,'66:24'),(158,52,65,2,78,33,'77:33'),(159,53,344,3,62,4,'61:04'),(160,53,338,3,65,10,'64:10'),(161,53,338,3,82,35,'81:35'),(162,54,357,3,24,51,'23:51'),(163,54,358,3,95,50,'94:50'),(164,55,303,3,66,40,'65:40'),(165,55,212,3,68,26,'67:26'),(166,55,212,3,92,39,'91:39'),(167,56,150,3,7,34,'6:34'),(168,56,102,2,23,36,'22:36'),(169,56,422,1,59,38,'58:38'),(170,57,218,3,37,49,'36:49'),(171,57,218,3,68,2,'67:02'),(172,57,78,3,90,43,'89:43'),(173,58,47,3,81,22,'80:22'),(174,58,46,2,96,14,'95:14'),(175,59,63,3,15,10,'14:10'),(176,59,63,3,61,4,'60:04'),(177,59,61,1,69,58,'68:58'),(178,60,45,3,51,1,'50:01'),(179,61,484,3,8,51,'7:51'),(180,61,303,2,82,57,'81:57'),(181,61,303,3,89,26,'88:26'),(182,62,39,3,7,55,'6:55'),(183,63,322,3,81,10,'80:10'),(184,64,187,3,5,7,'4:07'),(185,65,118,3,59,34,'58:34'),(186,66,303,3,2,24,'1:24'),(187,66,65,3,25,24,'24:24'),(188,66,297,3,29,33,'28:33'),(189,66,61,3,70,50,'69:50'),(190,68,321,3,8,32,'7:32'),(191,68,322,3,46,1,'45:01'),(192,68,455,3,53,8,'52:08'),(193,68,185,3,55,24,'54:24'),(194,68,322,3,74,17,'73:17'),(195,68,420,3,90,37,'89:37'),(196,69,47,3,93,36,'92:36'),(197,69,230,3,98,15,'97:15'),(198,70,380,3,31,3,'30:03'),(199,71,182,1,3,29,'2:29'),(200,71,379,3,22,4,'21:04'),(201,71,187,3,53,27,'52:27'),(202,71,419,2,68,57,'67:57'),(203,72,56,3,46,22,'45:22'),(204,73,129,3,42,42,'41:42'),(205,73,102,3,43,55,'42:55'),(206,73,100,3,45,5,'44:05'),(207,73,99,3,73,32,'72:32'),(208,73,347,3,94,3,'93:03'),(209,74,211,3,6,49,'5:49'),(210,74,212,3,52,44,'51:44'),(211,74,187,3,56,3,'55:03'),(212,75,8,3,33,34,'32:34'),(213,75,5,3,93,41,'92:41'),(214,75,338,3,96,56,'95:56'),(215,76,78,3,46,26,'45:26'),(216,76,166,3,69,6,'68:06'),(217,77,100,3,35,35,'34:35'),(218,77,283,3,53,10,'52:10'),(219,78,46,3,5,33,'4:33'),(220,78,46,3,27,27,'26:27'),(221,78,353,3,52,13,'51:13'),(222,79,223,3,20,58,'19:58'),(223,79,362,3,54,32,'53:32'),(224,80,78,2,37,45,'36:45'),(225,80,82,3,87,33,'86:33'),(226,80,83,3,93,47,'92:47'),(227,81,495,3,13,25,'12:25'),(228,81,209,3,34,51,'33:51'),(229,81,404,3,62,7,'61:07'),(230,82,359,3,1,51,'0:51'),(231,82,381,3,59,30,'58:30'),(232,82,366,3,85,32,'84:32'),(233,83,353,3,88,54,'87:54'),(234,84,205,3,41,59,'40:59'),(235,85,470,3,91,58,'90:58'),(236,86,417,3,47,23,'46:23'),(237,87,339,3,45,58,'44:58'),(238,87,338,3,58,27,'57:27'),(239,88,490,3,3,8,'2:08'),(240,88,46,3,24,22,'23:22'),(241,88,300,3,28,26,'27:26'),(242,88,46,2,41,40,'40:40'),(243,88,305,3,44,48,'43:48'),(244,88,46,3,59,13,'58:13'),(245,88,45,3,69,48,'68:48'),(246,88,47,3,76,38,'75:38'),(247,89,143,2,9,49,'8:49'),(248,89,326,3,62,33,'61:33'),(249,89,150,3,67,40,'66:40'),(250,89,122,3,79,55,'78:55'),(251,90,334,3,18,7,'17:07'),(252,90,184,3,53,45,'52:45'),(253,90,181,3,58,50,'57:50'),(254,90,427,3,75,50,'74:50'),(255,91,181,3,8,46,'7:46'),(256,91,469,3,75,45,'74:45'),(257,91,419,2,81,18,'80:18'),(258,91,186,3,95,37,'94:37'),(259,92,419,2,14,6,'13:06'),(260,92,84,3,37,21,'36:21'),(261,92,189,1,54,37,'53:37'),(262,92,83,3,66,21,'65:21'),(263,92,86,3,86,38,'85:38'),(264,93,334,3,9,50,'8:50'),(265,93,150,3,16,39,'15:39'),(266,93,337,2,23,8,'22:08'),(267,93,333,3,41,1,'40:01'),(268,93,152,3,47,57,'46:57'),(269,93,337,3,56,2,'55:02'),(270,93,336,3,61,51,'60:51'),(271,93,338,3,65,14,'64:14'),(272,94,99,3,28,49,'27:49'),(273,95,218,3,45,12,'44:12'),(274,96,22,3,41,4,'40:04'),(275,96,30,3,87,27,'86:27'),(276,97,257,3,10,0,'10:00'),(277,97,256,3,49,56,'48:56'),(278,97,259,2,71,17,'70:17'),(279,98,2,3,81,45,'80:45'),(280,99,376,3,20,22,'19:22'),(281,99,378,2,52,15,'51:15'),(282,99,22,3,62,20,'61:20'),(283,99,135,2,91,41,'90:41'),(284,100,33,3,40,4,'39:04'),(285,100,26,3,43,31,'42:31'),(286,100,307,3,69,59,'68:59'),(287,101,223,3,25,4,'24:04'),(288,101,228,3,31,42,'30:42'),(289,101,216,3,43,59,'42:59'),(290,101,106,3,56,35,'55:35'),(291,101,223,3,82,59,'81:59'),(292,102,350,1,42,53,'41:53'),(293,102,362,2,69,19,'68:19'),(294,102,223,3,75,12,'74:12'),(295,103,8,3,78,1,'77:01'),(296,104,424,3,77,21,'76:21'),(297,104,94,3,86,9,'85:09'),(298,105,166,2,48,5,'47:05'),(299,105,78,2,70,18,'69:18'),(300,105,83,3,82,26,'81:26'),(301,106,166,3,29,17,'28:17'),(302,106,78,2,39,47,'38:47'),(303,106,21,1,41,8,'40:08'),(304,107,8,2,21,44,'20:44'),(305,107,381,3,67,50,'66:50'),(306,108,96,3,5,42,'4:42'),(307,108,253,3,10,22,'9:22'),(308,108,101,3,36,47,'35:47'),(309,108,253,3,51,2,'50:02'),(310,108,254,3,63,23,'62:23'),(311,109,29,3,15,33,'14:33'),(312,109,92,2,31,54,'30:54'),(313,109,133,3,82,54,'81:54'),(314,110,83,3,15,49,'14:49'),(315,110,76,1,32,43,'31:43'),(316,111,278,3,36,6,'35:06'),(317,111,284,3,47,43,'46:43'),(318,111,284,3,79,10,'78:10'),(319,112,29,3,36,39,'35:39'),(320,112,328,3,50,17,'49:17'),(321,112,146,3,52,53,'51:53'),(322,113,173,3,17,32,'16:32'),(323,113,46,3,29,7,'28:07'),(324,113,35,3,34,11,'33:11'),(325,114,58,3,49,5,'48:05'),(326,114,259,2,75,41,'74:41'),(327,114,64,3,94,39,'93:39'),(328,116,259,3,17,22,'16:22'),(329,116,152,3,41,37,'40:37'),(330,117,277,1,52,59,'51:59'),(331,117,320,3,66,18,'65:18'),(332,117,483,3,89,43,'88:43'),(333,118,139,2,55,32,'54:32'),(334,119,270,3,63,3,'62:03'),(335,120,328,3,30,58,'29:58'),(336,120,484,3,54,34,'53:34'),(337,122,338,3,50,45,'49:45'),(338,122,338,2,65,42,'64:42'),(339,122,227,3,74,12,'73:12'),(340,123,199,3,3,23,'2:23'),(341,123,448,3,58,47,'57:47'),(342,124,415,3,18,31,'17:31'),(343,124,115,3,32,20,'31:20'),(344,124,118,2,43,54,'42:54'),(345,125,362,2,78,44,'77:44'),(346,125,186,3,81,41,'80:41'),(347,125,419,2,94,13,'93:13'),(348,126,10,3,20,12,'19:12'),(349,126,80,3,73,25,'72:25'),(350,127,80,3,4,48,'3:48'),(351,127,82,3,48,42,'47:42'),(352,127,90,3,94,35,'93:35'),(353,128,171,3,40,16,'39:16'),(354,129,353,3,9,57,'8:57'),(355,129,242,1,29,18,'28:18'),(356,129,357,3,75,31,'74:31'),(357,129,240,3,92,6,'91:06'),(358,130,241,3,24,37,'23:37'),(359,130,241,2,38,51,'37:51'),(360,130,328,3,75,50,'74:50'),(361,130,325,3,88,8,'87:08'),(362,131,533,3,90,17,'89:17'),(363,132,497,3,21,21,'20:21'),(364,132,496,3,82,6,'81:06'),(365,133,25,3,10,33,'9:33'),(366,133,240,3,43,58,'42:58'),(367,133,236,3,45,16,'44:16'),(368,134,181,3,58,53,'57:53'),(369,134,418,3,89,15,'88:15'),(370,135,490,3,12,7,'11:07'),(371,135,256,3,47,16,'46:16'),(372,136,499,3,54,54,'53:54'),(373,136,45,3,60,15,'59:15'),(374,137,259,3,24,38,'23:38'),(375,137,203,3,53,6,'52:06'),(376,137,259,3,55,47,'54:47'),(377,138,153,3,59,19,'58:19'),(378,140,536,3,50,9,'49:09'),(379,140,255,3,53,57,'52:57'),(380,140,30,3,62,45,'61:45'),(381,140,254,3,90,8,'89:08'),(382,141,211,3,15,59,'14:59'),(383,141,8,3,57,47,'56:47'),(384,141,197,3,64,50,'63:50'),(385,141,204,3,83,48,'82:48'),(386,142,8,2,37,54,'36:54'),(387,142,65,2,80,55,'79:55'),(388,145,102,2,39,38,'38:38'),(389,145,64,3,72,27,'71:27'),(390,145,102,3,81,45,'80:45'),(391,146,102,3,58,26,'57:26'),(392,146,207,3,85,47,'84:47'),(393,147,411,3,23,9,'22:09'),(394,147,204,3,48,21,'47:21'),(395,148,376,3,13,24,'12:24'),(396,148,378,3,84,36,'83:36'),(397,149,373,3,21,24,'20:24'),(398,150,344,2,94,33,'93:33'),(399,151,338,3,79,58,'78:58'),(400,151,394,3,82,19,'81:19'),(401,151,334,3,93,22,'92:22'),(402,152,254,3,52,58,'51:58'),(403,152,222,3,72,1,'71:01'),(404,154,357,3,2,36,'1:36'),(405,154,29,2,11,46,'10:46'),(406,154,362,2,39,55,'38:55'),(407,154,25,3,47,42,'46:42'),(408,154,353,3,72,40,'71:40'),(409,154,26,3,86,33,'85:33'),(410,155,290,3,82,43,'81:43'),(411,156,405,3,48,1,'47:01'),(412,156,10,2,53,42,'52:42'),(413,156,2,3,68,42,'67:42'),(414,156,212,3,83,11,'82:11'),(415,157,126,3,70,32,'69:32'),(416,158,173,3,37,21,'36:21'),(417,158,16,3,68,50,'67:50'),(418,159,448,3,4,4,'3:04'),(419,159,321,3,32,21,'31:21'),(420,159,196,1,60,42,'59:42'),(421,160,120,3,22,15,'21:15'),(422,160,139,3,67,31,'66:31'),(423,160,218,2,86,48,'85:48'),(424,161,118,2,7,44,'6:44'),(425,161,46,3,21,6,'20:06'),(426,161,292,3,88,41,'87:41'),(427,162,251,3,24,42,'23:42'),(428,162,254,3,87,51,'86:51'),(429,162,253,3,90,21,'89:21'),(430,163,78,2,25,8,'24:08'),(431,163,368,3,35,39,'34:39'),(432,163,166,3,45,39,'44:39'),(433,163,270,3,71,44,'70:44'),(434,163,78,2,83,41,'82:41'),(435,164,490,3,26,1,'25:01'),(436,164,366,3,46,50,'45:50'),(437,164,303,2,59,50,'58:50'),(438,164,362,3,63,18,'62:18'),(439,164,362,3,72,37,'71:37'),(440,165,344,2,51,47,'50:47'),(441,165,331,3,58,17,'57:17'),(442,166,106,3,50,41,'49:41'),(443,167,363,3,31,4,'30:04'),(444,167,25,2,59,4,'58:04'),(445,168,126,3,48,27,'47:27'),(446,169,113,3,2,55,'1:55'),(447,169,139,2,21,17,'20:17'),(448,169,114,3,53,3,'52:03'),(449,169,118,3,66,53,'65:53'),(450,169,26,3,88,7,'87:07'),(451,170,25,3,8,51,'7:51'),(452,170,335,3,46,56,'45:56'),(453,170,33,3,53,42,'52:42'),(454,170,344,2,64,26,'63:26'),(455,170,394,3,84,12,'83:12'),(456,171,394,3,24,39,'23:39'),(457,171,279,3,27,55,'26:55'),(458,171,334,3,63,9,'62:09'),(459,172,389,3,6,20,'5:20'),(460,172,420,3,27,31,'26:31'),(461,173,360,3,3,10,'2:10'),(462,173,353,3,7,56,'6:56'),(463,175,218,2,48,27,'47:27'),(464,175,305,3,65,57,'64:57'),(465,175,267,3,84,7,'83:07'),(466,175,485,3,96,14,'95:14'),(467,176,61,2,55,15,'54:15'),(468,177,238,3,18,43,'17:43'),(469,177,42,2,52,26,'51:26'),(470,177,411,3,61,39,'60:39'),(471,177,45,3,89,42,'88:42'),(472,177,48,3,96,14,'95:14'),(473,178,62,3,57,9,'56:09'),(474,178,65,3,90,48,'89:48'),(475,179,184,3,25,21,'24:21'),(476,179,45,3,79,24,'78:24'),(477,180,495,3,73,56,'72:56'),(478,181,152,2,17,29,'16:29'),(479,181,152,3,46,35,'45:35'),(480,181,113,3,69,34,'68:34'),(481,181,328,3,75,42,'74:42'),(482,182,205,3,19,35,'18:35'),(483,182,204,3,22,44,'21:44'),(484,182,338,3,44,25,'43:25'),(485,182,344,2,53,23,'52:23'),(486,183,259,3,15,20,'14:20'),(487,183,259,3,27,0,'27:00'),(488,183,111,3,38,32,'37:32'),(489,183,265,3,48,52,'47:52'),(490,183,259,3,82,43,'81:43'),(491,183,259,3,89,32,'88:32'),(492,184,234,3,16,46,'15:46'),(493,184,65,3,48,22,'47:22'),(494,185,303,3,20,26,'19:26'),(495,185,307,3,42,46,'41:46'),(496,185,8,2,65,13,'64:13'),(497,185,8,3,93,51,'92:51'),(498,186,344,2,19,2,'18:02'),(499,186,99,2,53,12,'52:12'),(500,186,331,3,59,35,'58:35'),(501,187,133,3,47,51,'46:51'),(502,187,322,3,72,9,'71:09'),(503,187,26,3,84,13,'83:13'),(504,188,368,3,36,19,'35:19'),(505,188,83,3,54,45,'53:45'),(506,188,62,3,57,8,'56:08'),(507,188,86,3,87,3,'86:03'),(508,189,240,3,44,46,'43:46'),(509,189,241,2,55,50,'54:50'),(510,189,240,3,62,45,'61:45'),(511,190,238,3,13,10,'12:10'),(512,190,240,3,25,33,'24:33'),(513,191,8,2,49,59,'48:59'),(514,191,8,3,52,50,'51:50'),(515,192,65,3,23,34,'22:34'),(516,193,242,1,1,25,'0:25'),(517,193,335,3,5,22,'4:22'),(518,193,338,3,33,22,'32:22'),(519,194,118,3,35,11,'34:11'),(520,195,259,2,10,17,'9:17'),(521,195,259,3,46,3,'45:03'),(522,195,135,3,72,12,'71:12'),(523,195,33,3,77,29,'76:29'),(524,196,378,3,61,32,'60:32'),(525,197,381,3,14,8,'13:08'),(526,197,374,3,42,11,'41:11'),(527,197,270,3,46,49,'45:49'),(528,198,259,2,60,7,'59:07'),(529,198,259,3,77,8,'76:08'),(530,198,258,3,94,2,'93:02'),(531,199,180,3,29,28,'28:28'),(532,199,322,3,34,49,'33:49'),(533,199,322,3,50,7,'49:07'),(534,199,496,3,83,17,'82:17');
/*!40000 ALTER TABLE `goals` ENABLE KEYS */;
UNLOCK TABLES;

--
-- Table structure for table `lineups`
--

DROP TABLE IF EXISTS `lineups`;
/*!40101 SET @saved_cs_client     = @@character_set_client */;
/*!40101 SET character_set_client = utf8 */;
CREATE TABLE `lineups` (
  `id` bigint(20) unsigned NOT NULL AUTO_INCREMENT COMMENT 'PK',
  `match_id` bigint(20) unsigned NOT NULL COMMENT 'FK to matches table',
  `player_id` bigint(20) unsigned NOT NULL COMMENT 'FK to players table',
  `shirt_number` int(11) NOT NULL COMMENT 'shirt number used by a player in a match',
  `position_id` bigint(20) unsigned NOT NULL COMMENT 'FK to positions table',
  `side` varchar(100) DEFAULT NULL COMMENT 'left/centre/right',
  PRIMARY KEY (`id`),
  KEY `lineups_FK` (`match_id`),
  KEY `lineups_FK_1` (`player_id`),
  KEY `lineups_FK_2` (`position_id`),
  CONSTRAINT `lineups_FK` FOREIGN KEY (`match_id`) REFERENCES `matches` (`id`) ON DELETE CASCADE ON UPDATE CASCADE,
  CONSTRAINT `lineups_FK_1` FOREIGN KEY (`player_id`) REFERENCES `players` (`id`) ON DELETE CASCADE ON UPDATE CASCADE,
  CONSTRAINT `lineups_FK_2` FOREIGN KEY (`position_id`) REFERENCES `positions` (`id`) ON DELETE CASCADE ON UPDATE CASCADE
) ENGINE=InnoDB AUTO_INCREMENT=7174 DEFAULT CHARSET=utf8mb4;
/*!40101 SET character_set_client = @saved_cs_client */;

--
-- Dumping data for table `lineups`
--

LOCK TABLES `lineups` WRITE;
/*!40000 ALTER TABLE `lineups` DISABLE KEYS */;
INSERT INTO `lineups` VALUES (1,1,1,22,9,'Centre'),(2,1,2,13,7,'Left'),(3,1,3,2,7,'Left/Centre'),(4,1,4,23,7,'Centre/Right'),(5,1,5,14,7,'Right'),(6,1,6,6,1,'Left/Centre'),(7,1,7,5,1,'Centre/Right'),(8,1,8,10,5,'Left'),(9,1,9,8,5,'Centre'),(10,1,10,21,5,'Right'),(11,1,11,9,6,'Centre'),(12,1,12,17,2,''),(13,1,13,1,2,''),(14,1,14,24,2,''),(15,1,15,26,2,''),(16,1,16,16,2,''),(17,1,17,25,2,''),(18,1,18,28,2,''),(19,1,19,1,9,'Centre'),(20,1,20,15,7,'Left'),(21,1,21,5,7,'Left/Centre'),(22,1,22,2,7,'Centre/Right'),(23,1,23,7,7,'Right'),(24,1,24,21,4,'Left'),(25,1,25,10,4,'Left/Centre'),(26,1,26,14,4,'Centre'),(27,1,27,28,4,'Centre/Right'),(28,1,28,18,4,'Right'),(29,1,29,9,6,'Centre'),(30,1,30,32,2,''),(31,1,31,12,2,''),(32,1,32,17,2,''),(33,1,33,11,2,''),(34,1,34,24,2,''),(35,1,35,19,2,''),(36,1,36,6,2,''),(37,2,37,13,9,'Centre'),(38,2,38,6,7,'Left'),(39,2,39,26,7,'Left/Centre'),(40,2,40,3,7,'Centre/Right'),(41,2,41,7,7,'Right'),(42,2,42,20,4,'Left/Centre'),(43,2,43,8,4,'Centre'),(44,2,44,5,4,'Centre/Right'),(45,2,45,10,6,'Left/Centre'),(46,2,46,15,6,'Centre'),(47,2,47,14,6,'Centre/Right'),(48,2,48,24,2,''),(49,2,49,21,2,''),(50,2,50,11,2,''),(51,2,51,19,2,''),(52,2,52,18,2,''),(53,2,53,17,2,''),(54,2,54,1,2,''),(55,2,55,1,9,'Centre'),(56,2,56,15,7,'Left'),(57,2,57,20,7,'Left/Centre'),(58,2,58,3,7,'Centre/Right'),(59,2,59,11,7,'Right'),(60,2,60,16,1,'Left/Centre'),(61,2,61,6,1,'Centre/Right'),(62,2,62,23,5,'Left'),(63,2,63,8,5,'Centre'),(64,2,64,7,5,'Right'),(65,2,65,9,6,'Centre'),(66,2,66,25,2,''),(67,2,67,13,2,''),(68,2,68,21,2,''),(69,2,69,24,2,''),(70,2,70,10,2,''),(71,2,71,19,2,''),(72,2,72,18,2,''),(73,3,73,1,9,'Centre'),(74,3,74,24,7,'Left'),(75,3,75,5,7,'Left/Centre'),(76,3,76,13,7,'Centre/Right'),(77,3,77,29,7,'Right'),(78,3,78,11,1,'Left/Centre'),(79,3,79,8,1,'Centre/Right'),(80,3,80,10,5,'Left'),(81,3,81,18,5,'Centre'),(82,3,82,15,5,'Right'),(83,3,83,9,6,'Centre'),(84,3,84,7,2,''),(85,3,85,23,2,''),(86,3,86,16,2,''),(87,3,87,26,2,''),(88,3,88,21,2,''),(89,3,89,17,2,''),(90,3,90,30,2,''),(91,3,91,13,9,'Centre'),(92,3,92,17,7,'Left'),(93,3,93,6,7,'Left/Centre'),(94,3,94,3,7,'Centre/Right'),(95,3,95,8,7,'Right'),(96,3,96,5,1,'Left/Centre'),(97,3,97,20,1,'Centre/Right'),(98,3,98,7,5,'Left'),(99,3,99,10,5,'Centre'),(100,3,100,11,5,'Right'),(101,3,101,22,6,'Centre'),(102,3,102,2,2,''),(103,3,103,30,2,''),(104,3,104,14,2,''),(105,3,105,4,2,''),(106,3,106,9,2,''),(107,3,107,19,2,''),(108,3,108,16,2,''),(109,4,109,12,9,'Centre'),(110,4,110,33,7,'Left'),(111,4,111,13,7,'Left/Centre'),(112,4,112,6,7,'Centre/Right'),(113,4,113,5,7,'Right'),(114,4,114,14,4,'Left'),(115,4,115,17,4,'Left/Centre'),(116,4,116,23,4,'Centre/Right'),(117,4,117,11,4,'Right'),(118,4,118,7,6,'Left/Centre'),(119,4,119,28,6,'Centre/Right'),(120,4,120,24,2,''),(121,4,121,10,2,''),(122,4,122,19,2,''),(123,4,123,29,2,''),(124,4,124,22,2,''),(125,4,125,32,2,''),(126,4,126,9,2,''),(127,4,1,22,9,'Centre'),(128,4,2,13,7,'Left'),(129,4,127,4,7,'Left/Centre'),(130,4,4,23,7,'Centre/Right'),(131,4,128,11,7,'Right'),(132,4,6,6,1,'Left/Centre'),(133,4,129,3,1,'Centre/Right'),(134,4,10,21,5,'Left'),(135,4,9,8,5,'Centre'),(136,4,8,10,5,'Right'),(137,4,11,9,6,'Centre'),(138,4,12,17,2,''),(139,4,13,1,2,''),(140,4,130,27,2,''),(141,4,131,30,2,''),(142,4,7,5,2,''),(143,4,16,16,2,''),(144,4,17,25,2,''),(145,5,31,12,9,'Centre'),(146,5,36,6,7,'Left'),(147,5,21,5,7,'Left/Centre'),(148,5,132,3,7,'Centre/Right'),(149,5,27,28,7,'Right'),(150,5,25,10,4,'Left/Centre'),(151,5,24,21,4,'Centre'),(152,5,33,11,4,'Centre/Right'),(153,5,133,16,6,'Left/Centre'),(154,5,35,19,6,'Centre'),(155,5,32,17,6,'Centre/Right'),(156,5,134,4,2,''),(157,5,20,15,2,''),(158,5,29,9,2,''),(159,5,135,20,2,''),(160,5,26,14,2,''),(161,5,136,23,2,''),(162,5,19,1,2,''),(163,5,137,1,9,'Centre'),(164,5,113,5,7,'Left'),(165,5,111,13,7,'Left/Centre'),(166,5,138,16,7,'Centre/Right'),(167,5,125,32,7,'Right'),(168,5,115,17,4,'Left/Centre'),(169,5,139,8,4,'Centre'),(170,5,140,15,4,'Centre/Right'),(171,5,118,7,6,'Left/Centre'),(172,5,126,9,6,'Centre'),(173,5,120,24,6,'Centre/Right'),(174,5,114,14,2,''),(175,5,119,28,2,''),(176,5,122,19,2,''),(177,5,124,30,2,''),(178,5,141,21,2,''),(179,5,142,26,2,''),(180,5,112,6,2,''),(181,6,143,25,9,'Centre'),(182,6,144,28,7,'Left'),(183,6,145,13,7,'Left/Centre'),(184,6,146,26,7,'Centre/Right'),(185,6,147,4,7,'Right'),(186,6,148,2,1,'Centre'),(187,6,149,6,4,'Left'),(188,6,150,20,4,'Right'),(189,6,151,23,5,'Centre'),(190,6,152,10,6,'Left/Centre'),(191,6,153,7,6,'Centre/Right'),(192,6,154,8,2,''),(193,6,155,18,2,''),(194,6,156,5,2,''),(195,6,157,19,2,''),(196,6,158,29,2,''),(197,6,159,30,2,''),(198,6,160,22,2,''),(199,6,73,1,9,'Centre'),(200,6,161,4,7,'Left/Centre'),(201,6,75,5,7,'Centre'),(202,6,84,7,7,'Centre/Right'),(203,6,162,33,4,'Left'),(204,6,81,18,4,'Left/Centre'),(205,6,163,6,4,'Centre/Right'),(206,6,77,29,4,'Right'),(207,6,164,20,6,'Left/Centre'),(208,6,90,30,6,'Centre'),(209,6,86,16,6,'Centre/Right'),(210,6,78,11,2,''),(211,6,165,2,2,''),(212,6,166,14,2,''),(213,6,88,21,2,''),(214,6,79,8,2,''),(215,6,167,12,2,''),(216,6,83,9,2,''),(217,7,1,22,9,'Centre'),(218,7,2,13,7,'Left'),(219,7,127,4,7,'Left/Centre'),(220,7,168,3,7,'Centre/Right'),(221,7,169,17,7,'Right'),(222,7,6,6,1,'Centre'),(223,7,8,10,4,'Left'),(224,7,170,7,4,'Left/Centre'),(225,7,7,5,4,'Centre/Right'),(226,7,128,11,4,'Right'),(227,7,16,16,6,'Centre'),(228,7,4,23,2,''),(229,7,171,19,2,''),(230,7,10,21,2,''),(231,7,172,18,2,''),(232,7,13,1,2,''),(233,7,14,24,2,''),(234,7,5,14,2,''),(235,7,137,1,9,'Centre'),(236,7,113,5,7,'Left'),(237,7,111,13,7,'Left/Centre'),(238,7,138,16,7,'Centre/Right'),(239,7,116,23,7,'Right'),(240,7,139,8,4,'Left/Centre'),(241,7,140,15,4,'Centre'),(242,7,115,17,4,'Centre/Right'),(243,7,118,7,6,'Left/Centre'),(244,7,126,9,6,'Centre'),(245,7,120,24,6,'Centre/Right'),(246,7,121,10,2,''),(247,7,119,28,2,''),(248,7,110,33,2,''),(249,7,122,19,2,''),(250,7,124,30,2,''),(251,7,141,21,2,''),(252,7,112,6,2,''),(253,8,31,12,9,'Centre'),(254,8,36,6,7,'Left'),(255,8,134,4,7,'Left/Centre'),(256,8,22,2,7,'Centre/Right'),(257,8,23,7,7,'Right'),(258,8,26,14,4,'Left/Centre'),(259,8,24,21,4,'Centre'),(260,8,33,11,4,'Centre/Right'),(261,8,173,22,6,'Left/Centre'),(262,8,29,9,6,'Centre'),(263,8,32,17,6,'Centre/Right'),(264,8,174,26,2,''),(265,8,20,15,2,''),(266,8,175,18,2,''),(267,8,135,20,2,''),(268,8,25,10,2,''),(269,8,19,1,2,''),(270,8,35,19,2,''),(271,8,176,25,9,'Centre'),(272,8,177,15,7,'Left'),(273,8,178,4,7,'Left/Centre'),(274,8,179,3,7,'Centre/Right'),(275,8,180,21,7,'Right'),(276,8,181,11,4,'Left/Centre'),(277,8,182,24,4,'Centre'),(278,8,183,29,4,'Centre/Right'),(279,8,184,28,6,'Left/Centre'),(280,8,185,23,6,'Centre'),(281,8,186,7,6,'Centre/Right'),(282,8,187,9,2,''),(283,8,188,8,2,''),(284,8,189,22,2,''),(285,8,190,1,2,''),(286,8,191,14,2,''),(287,8,192,16,2,''),(288,8,193,20,2,''),(289,9,31,12,9,'Centre'),(290,9,36,6,7,'Left'),(291,9,132,3,7,'Left/Centre'),(292,9,22,2,7,'Centre/Right'),(293,9,134,4,7,'Right'),(294,9,26,14,4,'Left/Centre'),(295,9,24,21,4,'Centre'),(296,9,33,11,4,'Centre/Right'),(297,9,173,22,6,'Left/Centre'),(298,9,29,9,6,'Centre'),(299,9,32,17,6,'Centre/Right'),(300,9,174,26,2,''),(301,9,20,15,2,''),(302,9,135,20,2,''),(303,9,25,10,2,''),(304,9,194,8,2,''),(305,9,19,1,2,''),(306,9,35,19,2,''),(307,9,195,22,9,'Centre'),(308,9,196,7,7,'Left'),(309,9,197,5,7,'Left/Centre'),(310,9,198,26,7,'Centre/Right'),(311,9,199,3,7,'Right'),(312,9,200,13,1,'Left/Centre'),(313,9,201,8,1,'Centre/Right'),(314,9,202,6,5,'Left'),(315,9,203,10,5,'Centre'),(316,9,204,18,5,'Right'),(317,9,205,14,6,'Centre'),(318,9,206,30,2,''),(319,9,207,4,2,''),(320,9,208,1,2,''),(321,9,209,9,2,''),(322,9,210,24,2,''),(323,9,211,20,2,''),(324,9,212,11,2,''),(325,10,213,1,9,'Centre'),(326,10,214,20,7,'Left/Centre'),(327,10,215,4,7,'Centre'),(328,10,216,23,7,'Centre/Right'),(329,10,217,22,4,'Left'),(330,10,218,10,4,'Left/Centre'),(331,10,219,28,4,'Centre'),(332,10,220,21,4,'Centre/Right'),(333,10,221,27,4,'Right'),(334,10,222,15,6,'Left/Centre'),(335,10,223,17,6,'Centre/Right'),(336,10,224,7,2,''),(337,10,225,25,2,''),(338,10,226,29,2,''),(339,10,227,18,2,''),(340,10,228,11,2,''),(341,10,229,30,2,''),(342,10,230,19,2,''),(343,10,1,22,9,'Centre'),(344,10,2,13,7,'Left'),(345,10,127,4,7,'Left/Centre'),(346,10,3,2,7,'Centre/Right'),(347,10,128,11,7,'Right'),(348,10,10,21,4,'Left'),(349,10,129,3,4,'Left/Centre'),(350,10,6,6,4,'Centre/Right'),(351,10,171,19,4,'Right'),(352,10,9,8,6,'Left/Centre'),(353,10,8,10,6,'Centre/Right'),(354,10,4,23,2,''),(355,10,172,18,2,''),(356,10,13,1,2,''),(357,10,14,24,2,''),(358,10,131,30,2,''),(359,10,7,5,2,''),(360,10,16,16,2,''),(361,11,231,25,9,'Centre'),(362,11,232,18,7,'Left'),(363,11,233,5,7,'Left/Centre'),(364,11,234,2,7,'Centre/Right'),(365,11,235,3,7,'Right'),(366,11,236,19,4,'Left'),(367,11,237,9,4,'Left/Centre'),(368,11,238,20,4,'Centre/Right'),(369,11,239,31,4,'Right'),(370,11,240,28,6,'Left/Centre'),(371,11,241,11,6,'Centre/Right'),(372,11,242,30,2,''),(373,11,243,15,2,''),(374,11,244,6,2,''),(375,11,245,16,2,''),(376,11,246,22,2,''),(377,11,247,24,2,''),(378,11,248,8,2,''),(379,11,249,1,9,'Centre'),(380,11,250,15,7,'Left'),(381,11,251,3,7,'Left/Centre'),(382,11,252,4,7,'Centre/Right'),(383,11,253,6,7,'Right'),(384,11,254,22,1,'Left'),(385,11,255,13,1,'Centre'),(386,11,256,21,1,'Right'),(387,11,257,10,5,'Centre'),(388,11,258,19,6,'Left/Centre'),(389,11,259,20,6,'Centre/Right'),(390,11,260,8,2,''),(391,11,261,12,2,''),(392,11,262,17,2,''),(393,11,263,23,2,''),(394,11,264,14,2,''),(395,11,265,9,2,''),(396,11,266,30,2,''),(397,12,213,1,9,'Centre'),(398,12,214,20,7,'Left'),(399,12,267,3,7,'Left/Centre'),(400,12,226,29,7,'Centre/Right'),(401,12,216,23,7,'Right'),(402,12,219,28,4,'Left/Centre'),(403,12,268,8,4,'Centre'),(404,12,269,24,4,'Centre/Right'),(405,12,270,14,6,'Left/Centre'),(406,12,222,15,6,'Centre'),(407,12,223,17,6,'Centre/Right'),(408,12,218,10,2,''),(409,12,271,6,2,''),(410,12,272,9,2,''),(411,12,273,12,2,''),(412,12,217,22,2,''),(413,12,228,11,2,''),(414,12,229,30,2,''),(415,12,274,1,9,'Centre'),(416,12,275,3,7,'Left/Centre'),(417,12,276,4,7,'Centre'),(418,12,277,2,7,'Centre/Right'),(419,12,278,14,4,'Left'),(420,12,279,33,4,'Left/Centre'),(421,12,280,5,4,'Centre'),(422,12,281,26,4,'Centre/Right'),(423,12,282,28,4,'Right'),(424,12,283,20,5,'Centre'),(425,12,284,21,6,'Centre'),(426,12,285,19,2,''),(427,12,286,24,2,''),(428,12,287,16,2,''),(429,12,288,34,2,''),(430,12,289,13,2,''),(431,12,290,25,2,''),(432,12,291,15,2,''),(433,13,37,13,9,'Centre'),(434,13,38,6,7,'Left'),(435,13,39,26,7,'Left/Centre'),(436,13,40,31,7,'Centre/Right'),(437,13,41,7,7,'Right'),(438,13,45,10,4,'Left/Centre'),(439,13,43,8,4,'Centre'),(440,13,44,5,4,'Centre/Right'),(441,13,50,11,6,'Left/Centre'),(442,13,292,9,6,'Centre'),(443,13,47,14,6,'Centre/Right'),(444,13,293,27,2,''),(445,13,294,33,2,''),(446,13,51,19,2,''),(447,13,52,18,2,''),(448,13,46,30,2,''),(449,13,53,17,2,''),(450,13,54,1,2,''),(451,13,295,1,9,'Centre'),(452,13,296,23,7,'Left'),(453,13,297,37,7,'Left/Centre'),(454,13,298,5,7,'Centre/Right'),(455,13,299,2,7,'Right'),(456,13,300,17,4,'Left/Centre'),(457,13,301,14,4,'Centre'),(458,13,302,29,4,'Centre/Right'),(459,13,303,10,6,'Left/Centre'),(460,13,304,9,6,'Centre'),(461,13,305,8,6,'Centre/Right'),(462,13,306,3,2,''),(463,13,307,20,2,''),(464,13,308,30,2,''),(465,13,309,12,2,''),(466,13,310,27,2,''),(467,13,311,36,2,''),(468,13,312,39,2,''),(469,14,66,25,9,'Centre'),(470,14,313,2,7,'Left'),(471,14,58,3,7,'Left/Centre'),(472,14,314,5,7,'Centre/Right'),(473,14,315,27,7,'Right'),(474,14,60,16,1,'Left/Centre'),(475,14,61,6,1,'Centre/Right'),(476,14,64,7,5,'Left'),(477,14,63,8,5,'Centre'),(478,14,316,14,5,'Right'),(479,14,65,9,6,'Centre'),(480,14,59,11,2,''),(481,14,68,21,2,''),(482,14,69,24,2,''),(483,14,57,20,2,''),(484,14,70,10,2,''),(485,14,71,19,2,''),(486,14,55,1,2,''),(487,14,317,17,9,'Centre'),(488,14,278,14,7,'Left'),(489,14,318,37,7,'Left/Centre'),(490,14,319,6,7,'Centre/Right'),(491,14,287,16,7,'Right'),(492,14,320,30,4,'Left'),(493,14,283,20,4,'Left/Centre'),(494,14,321,8,4,'Centre/Right'),(495,14,282,28,4,'Right'),(496,14,322,26,6,'Left/Centre'),(497,14,323,11,6,'Centre/Right'),(498,14,275,3,2,''),(499,14,285,19,2,''),(500,14,286,24,2,''),(501,14,289,13,2,''),(502,14,290,25,2,''),(503,14,291,15,2,''),(504,14,324,32,2,''),(505,15,143,25,9,'Centre'),(506,15,144,28,7,'Left'),(507,15,145,13,7,'Left/Centre'),(508,15,146,26,7,'Centre/Right'),(509,15,158,29,7,'Right'),(510,15,149,6,4,'Left/Centre'),(511,15,150,20,4,'Centre'),(512,15,151,23,4,'Centre/Right'),(513,15,153,7,6,'Left/Centre'),(514,15,325,8,6,'Centre'),(515,15,326,11,6,'Centre/Right'),(516,15,327,31,2,''),(517,15,152,10,2,''),(518,15,154,5,2,''),(519,15,328,9,2,''),(520,15,148,2,2,''),(521,15,159,30,2,''),(522,15,160,22,2,''),(523,15,329,1,9,'Centre'),(524,15,330,2,7,'Left/Centre'),(525,15,331,17,7,'Centre'),(526,15,332,3,7,'Centre/Right'),(527,15,333,4,4,'Left'),(528,15,334,11,4,'Left/Centre'),(529,15,335,5,4,'Centre/Right'),(530,15,336,6,4,'Right'),(531,15,337,8,5,'Centre'),(532,15,338,9,6,'Left/Centre'),(533,15,339,16,6,'Centre/Right'),(534,15,340,18,2,''),(535,15,341,25,2,''),(536,15,342,27,2,''),(537,15,343,23,2,''),(538,15,344,15,2,''),(539,15,345,19,2,''),(540,15,346,22,2,''),(541,16,91,13,9,'Centre'),(542,16,103,30,7,'Left'),(543,16,93,6,7,'Left/Centre'),(544,16,94,3,7,'Centre/Right'),(545,16,105,4,7,'Right'),(546,16,96,5,1,'Left/Centre'),(547,16,102,2,1,'Centre/Right'),(548,16,98,7,5,'Left'),(549,16,97,20,5,'Centre'),(550,16,100,11,5,'Right'),(551,16,101,22,6,'Centre'),(552,16,347,28,2,''),(553,16,99,10,2,''),(554,16,348,15,2,''),(555,16,106,9,2,''),(556,16,95,8,2,''),(557,16,107,19,2,''),(558,16,108,16,2,''),(559,16,349,12,9,'Centre'),(560,16,350,8,7,'Left/Centre'),(561,16,351,24,7,'Centre'),(562,16,352,27,7,'Centre/Right'),(563,16,353,29,4,'Left'),(564,16,354,21,4,'Left/Centre'),(565,16,355,22,4,'Centre'),(566,16,356,5,4,'Centre/Right'),(567,16,357,11,4,'Right'),(568,16,358,9,6,'Left/Centre'),(569,16,359,15,6,'Centre/Right'),(570,16,360,7,2,''),(571,16,361,1,2,''),(572,16,362,10,2,''),(573,16,363,3,2,''),(574,16,364,31,2,''),(575,16,365,28,2,''),(576,16,366,14,2,''),(577,17,73,1,9,'Centre'),(578,17,74,24,7,'Left'),(579,17,75,5,7,'Left/Centre'),(580,17,84,7,7,'Centre/Right'),(581,17,88,21,7,'Right'),(582,17,367,14,4,'Left/Centre'),(583,17,79,8,4,'Centre'),(584,17,368,19,4,'Centre/Right'),(585,17,82,15,6,'Left/Centre'),(586,17,90,30,6,'Centre'),(587,17,81,18,6,'Centre/Right'),(588,17,369,27,2,''),(589,17,85,23,2,''),(590,17,165,2,2,''),(591,17,86,16,2,''),(592,17,87,26,2,''),(593,17,167,12,2,''),(594,17,83,9,2,''),(595,17,370,1,9,'Centre'),(596,17,371,14,7,'Left'),(597,17,372,6,7,'Left/Centre'),(598,17,373,15,7,'Centre/Right'),(599,17,374,23,7,'Right'),(600,17,375,22,1,'Left/Centre'),(601,17,376,24,1,'Centre/Right'),(602,17,377,10,5,'Left'),(603,17,378,26,5,'Centre'),(604,17,379,11,5,'Right'),(605,17,380,9,6,'Centre'),(606,17,381,20,2,''),(607,17,382,8,2,''),(608,17,383,17,2,''),(609,17,384,12,2,''),(610,17,385,27,2,''),(611,17,386,2,2,''),(612,17,387,19,2,''),(613,18,370,1,9,'Centre'),(614,18,388,7,7,'Left'),(615,18,373,15,7,'Left/Centre'),(616,18,389,5,7,'Centre/Right'),(617,18,374,23,7,'Right'),(618,18,375,22,1,'Left/Centre'),(619,18,382,8,1,'Centre/Right'),(620,18,381,20,5,'Left'),(621,18,376,24,5,'Centre'),(622,18,377,10,5,'Right'),(623,18,378,26,6,'Centre'),(624,18,371,14,2,''),(625,18,390,18,2,''),(626,18,384,12,2,''),(627,18,385,27,2,''),(628,18,386,2,2,''),(629,18,387,19,2,''),(630,18,379,11,2,''),(631,18,329,1,9,'Centre'),(632,18,391,28,7,'Left/Centre'),(633,18,330,2,7,'Centre'),(634,18,331,17,7,'Centre/Right'),(635,18,333,4,4,'Left'),(636,18,335,5,4,'Left/Centre'),(637,18,392,14,4,'Centre'),(638,18,393,24,4,'Centre/Right'),(639,18,336,6,4,'Right'),(640,18,394,7,6,'Left/Centre'),(641,18,338,9,6,'Centre/Right'),(642,18,337,8,2,''),(643,18,395,31,2,''),(644,18,332,3,2,''),(645,18,343,23,2,''),(646,18,396,26,2,''),(647,18,344,15,2,''),(648,18,346,22,2,''),(649,19,349,12,9,'Centre'),(650,19,350,8,7,'Left'),(651,19,356,5,7,'Left/Centre'),(652,19,363,3,7,'Centre/Right'),(653,19,360,7,7,'Right'),(654,19,353,29,4,'Left'),(655,19,397,18,4,'Left/Centre'),(656,19,355,22,4,'Centre/Right'),(657,19,366,14,4,'Right'),(658,19,398,9,6,'Left/Centre'),(659,19,362,10,6,'Centre/Right'),(660,19,357,11,2,''),(661,19,361,1,2,''),(662,19,399,17,2,''),(663,19,351,24,2,''),(664,19,358,23,2,''),(665,19,359,15,2,''),(666,19,354,21,2,''),(667,19,143,25,9,'Centre'),(668,19,144,28,7,'Left'),(669,19,145,13,7,'Left/Centre'),(670,19,160,22,7,'Centre/Right'),(671,19,147,4,7,'Right'),(672,19,400,21,1,'Centre'),(673,19,149,6,4,'Left'),(674,19,150,20,4,'Right'),(675,19,155,18,5,'Centre'),(676,19,152,10,6,'Left/Centre'),(677,19,401,17,6,'Centre/Right'),(678,19,154,8,2,''),(679,19,328,11,2,''),(680,19,402,3,2,''),(681,19,146,26,2,''),(682,19,148,2,2,''),(683,19,158,29,2,''),(684,19,159,30,2,''),(685,20,195,22,9,'Centre'),(686,20,403,15,7,'Left'),(687,20,197,5,7,'Left/Centre'),(688,20,207,4,7,'Centre/Right'),(689,20,404,27,7,'Right'),(690,20,198,26,1,'Centre'),(691,20,202,6,4,'Left'),(692,20,201,8,4,'Right'),(693,20,203,10,5,'Centre'),(694,20,204,18,6,'Left/Centre'),(695,20,405,31,6,'Centre/Right'),(696,20,406,32,2,''),(697,20,407,28,2,''),(698,20,208,1,2,''),(699,20,200,13,2,''),(700,20,209,9,2,''),(701,20,199,3,2,''),(702,20,212,11,2,''),(703,20,73,1,9,'Centre'),(704,20,74,24,7,'Left'),(705,20,75,5,7,'Left/Centre'),(706,20,76,13,7,'Centre/Right'),(707,20,88,21,7,'Right'),(708,20,78,11,1,'Left/Centre'),(709,20,87,26,1,'Centre/Right'),(710,20,86,16,5,'Left'),(711,20,166,14,5,'Centre'),(712,20,82,15,5,'Right'),(713,20,83,9,6,'Centre'),(714,20,84,7,2,''),(715,20,81,18,2,''),(716,20,85,23,2,''),(717,20,165,2,2,''),(718,20,77,29,2,''),(719,20,89,17,2,''),(720,20,90,30,2,''),(721,21,37,13,9,'Centre'),(722,21,38,6,7,'Left'),(723,21,39,26,7,'Left/Centre'),(724,21,40,31,7,'Centre/Right'),(725,21,41,7,7,'Right'),(726,21,43,8,1,'Centre'),(727,21,45,10,4,'Left'),(728,21,52,18,4,'Left/Centre'),(729,21,44,5,4,'Centre/Right'),(730,21,47,14,4,'Right'),(731,21,292,9,6,'Centre'),(732,21,408,29,2,''),(733,21,50,11,2,''),(734,21,293,27,2,''),(735,21,294,33,2,''),(736,21,51,19,2,''),(737,21,409,24,2,''),(738,21,54,1,2,''),(739,21,1,22,9,'Centre'),(740,21,172,18,7,'Left'),(741,21,127,4,7,'Left/Centre'),(742,21,129,3,7,'Centre/Right'),(743,21,128,11,7,'Right'),(744,21,7,5,1,'Left/Centre'),(745,21,6,6,1,'Centre/Right'),(746,21,10,21,5,'Left'),(747,21,9,8,5,'Centre'),(748,21,8,10,5,'Right'),(749,21,11,9,6,'Centre'),(750,21,4,23,2,''),(751,21,12,17,2,''),(752,21,13,1,2,''),(753,21,14,24,2,''),(754,21,131,30,2,''),(755,21,5,14,2,''),(756,21,17,25,2,''),(757,22,384,12,9,'Centre'),(758,22,388,7,7,'Left'),(759,22,373,15,7,'Left/Centre'),(760,22,389,5,7,'Centre/Right'),(761,22,374,23,7,'Right'),(762,22,371,14,4,'Left/Centre'),(763,22,382,8,4,'Centre'),(764,22,379,11,4,'Centre/Right'),(765,22,377,10,6,'Left/Centre'),(766,22,380,9,6,'Centre'),(767,22,381,20,6,'Centre/Right'),(768,22,383,17,2,''),(769,22,375,22,2,''),(770,22,370,1,2,''),(771,22,390,18,2,''),(772,22,410,21,2,''),(773,22,378,26,2,''),(774,22,376,24,2,''),(775,22,73,1,9,'Centre'),(776,22,74,24,7,'Left'),(777,22,75,5,7,'Left/Centre'),(778,22,76,13,7,'Centre/Right'),(779,22,88,21,7,'Right'),(780,22,78,11,4,'Left/Centre'),(781,22,79,8,4,'Centre'),(782,22,368,19,4,'Centre/Right'),(783,22,80,10,6,'Left/Centre'),(784,22,83,9,6,'Centre'),(785,22,82,15,6,'Centre/Right'),(786,22,84,7,2,''),(787,22,81,18,2,''),(788,22,85,23,2,''),(789,22,86,16,2,''),(790,22,166,14,2,''),(791,22,89,17,2,''),(792,22,90,30,2,''),(793,23,73,1,9,'Centre'),(794,23,74,24,7,'Left'),(795,23,75,5,7,'Left/Centre'),(796,23,76,13,7,'Centre/Right'),(797,23,368,19,7,'Right'),(798,23,78,11,4,'Left/Centre'),(799,23,79,8,4,'Centre'),(800,23,166,14,4,'Centre/Right'),(801,23,80,10,6,'Left/Centre'),(802,23,83,9,6,'Centre'),(803,23,82,15,6,'Centre/Right'),(804,23,84,7,2,''),(805,23,81,18,2,''),(806,23,86,16,2,''),(807,23,87,26,2,''),(808,23,88,21,2,''),(809,23,89,17,2,''),(810,23,90,30,2,''),(811,23,231,25,9,'Centre'),(812,23,247,24,7,'Left'),(813,23,234,2,7,'Left/Centre'),(814,23,233,5,7,'Centre/Right'),(815,23,235,3,7,'Right'),(816,23,236,19,4,'Left'),(817,23,237,9,4,'Left/Centre'),(818,23,238,20,4,'Centre/Right'),(819,23,411,21,4,'Right'),(820,23,243,15,6,'Left/Centre'),(821,23,241,11,6,'Centre/Right'),(822,23,412,12,2,''),(823,23,413,29,2,''),(824,23,242,30,2,''),(825,23,414,7,2,''),(826,23,415,23,2,''),(827,23,246,22,2,''),(828,23,232,18,2,''),(829,24,329,1,9,'Centre'),(830,24,391,28,7,'Left/Centre'),(831,24,330,2,7,'Centre'),(832,24,331,17,7,'Centre/Right'),(833,24,333,4,4,'Left'),(834,24,337,8,4,'Left/Centre'),(835,24,392,14,4,'Centre'),(836,24,334,11,4,'Centre/Right'),(837,24,335,5,4,'Right'),(838,24,344,15,6,'Left/Centre'),(839,24,338,9,6,'Centre/Right'),(840,24,393,24,2,''),(841,24,395,31,2,''),(842,24,332,3,2,''),(843,24,343,23,2,''),(844,24,396,26,2,''),(845,24,346,22,2,''),(846,24,394,7,2,''),(847,24,190,1,9,'Centre'),(848,24,416,27,7,'Left'),(849,24,179,3,7,'Left/Centre'),(850,24,417,17,7,'Centre/Right'),(851,24,180,21,7,'Right'),(852,24,181,11,4,'Left'),(853,24,418,13,4,'Left/Centre'),(854,24,419,5,4,'Centre/Right'),(855,24,184,28,4,'Right'),(856,24,420,10,6,'Left/Centre'),(857,24,185,23,6,'Centre/Right'),(858,24,186,7,2,''),(859,24,188,8,2,''),(860,24,421,31,2,''),(861,24,189,22,2,''),(862,24,177,15,2,''),(863,24,176,25,2,''),(864,24,192,16,2,''),(865,25,91,13,9,'Centre'),(866,25,348,15,7,'Left'),(867,25,94,3,7,'Left/Centre'),(868,25,105,4,7,'Centre/Right'),(869,25,422,23,7,'Right'),(870,25,347,28,4,'Left'),(871,25,102,2,4,'Left/Centre'),(872,25,423,24,4,'Centre/Right'),(873,25,100,11,4,'Right'),(874,25,99,10,5,'Centre'),(875,25,106,9,6,'Centre'),(876,25,104,14,2,''),(877,25,101,22,2,''),(878,25,424,21,2,''),(879,25,98,7,2,''),(880,25,97,20,2,''),(881,25,108,16,2,''),(882,25,425,29,2,''),(883,25,426,18,9,'Centre'),(884,25,177,15,7,'Left'),(885,25,179,3,7,'Left/Centre'),(886,25,417,17,7,'Centre/Right'),(887,25,193,20,7,'Right'),(888,25,419,5,1,'Left/Centre'),(889,25,418,13,1,'Centre/Right'),(890,25,181,11,5,'Left'),(891,25,427,14,5,'Centre'),(892,25,187,9,5,'Right'),(893,25,420,10,6,'Centre'),(894,25,416,27,2,''),(895,25,186,7,2,''),(896,25,184,28,2,''),(897,25,176,25,2,''),(898,25,428,33,2,''),(899,25,180,21,2,''),(900,25,185,23,2,''),(901,26,143,25,9,'Centre'),(902,26,144,28,7,'Left'),(903,26,145,13,7,'Left/Centre'),(904,26,146,26,7,'Centre/Right'),(905,26,147,4,7,'Right'),(906,26,400,21,1,'Centre'),(907,26,149,6,4,'Left'),(908,26,150,20,4,'Right'),(909,26,152,10,5,'Centre'),(910,26,153,7,6,'Left/Centre'),(911,26,326,9,6,'Centre/Right'),(912,26,154,8,2,''),(913,26,155,18,2,''),(914,26,148,2,2,''),(915,26,158,29,2,''),(916,26,151,23,2,''),(917,26,159,30,2,''),(918,26,160,22,2,''),(919,26,384,12,9,'Centre'),(920,26,371,14,7,'Left'),(921,26,372,6,7,'Left/Centre'),(922,26,389,5,7,'Centre/Right'),(923,26,386,2,7,'Right'),(924,26,375,22,1,'Left/Centre'),(925,26,382,8,1,'Centre/Right'),(926,26,377,10,5,'Left/Centre'),(927,26,381,20,5,'Centre/Right'),(928,26,378,26,6,'Left/Centre'),(929,26,380,9,6,'Centre/Right'),(930,26,383,17,2,''),(931,26,370,1,2,''),(932,26,429,4,2,''),(933,26,390,18,2,''),(934,26,410,21,2,''),(935,26,430,13,2,''),(936,26,376,24,2,''),(937,27,37,13,9,'Centre'),(938,27,51,19,7,'Left'),(939,27,39,26,7,'Left/Centre'),(940,27,40,3,7,'Centre/Right'),(941,27,41,7,7,'Right'),(942,27,45,10,4,'Left/Centre'),(943,27,43,8,4,'Centre'),(944,27,44,5,4,'Centre/Right'),(945,27,50,11,6,'Left/Centre'),(946,27,46,15,6,'Centre'),(947,27,47,14,6,'Centre/Right'),(948,27,292,9,2,''),(949,27,293,27,2,''),(950,27,431,23,2,''),(951,27,42,20,2,''),(952,27,52,18,2,''),(953,27,53,17,2,''),(954,27,54,1,2,''),(955,27,249,1,9,'Centre'),(956,27,250,15,7,'Left'),(957,27,251,3,7,'Left/Centre'),(958,27,252,4,7,'Centre/Right'),(959,27,253,6,7,'Right'),(960,27,254,22,1,'Left'),(961,27,255,13,1,'Centre'),(962,27,256,21,1,'Right'),(963,27,257,10,5,'Centre'),(964,27,258,19,6,'Left/Centre'),(965,27,259,20,6,'Centre/Right'),(966,27,260,8,2,''),(967,27,263,23,2,''),(968,27,264,14,2,''),(969,27,432,29,2,''),(970,27,433,7,2,''),(971,27,265,9,2,''),(972,27,434,18,2,''),(973,28,1,22,9,'Centre'),(974,28,2,13,7,'Left'),(975,28,127,4,7,'Left/Centre'),(976,28,3,2,7,'Centre/Right'),(977,28,169,17,7,'Right'),(978,28,6,6,1,'Left/Centre'),(979,28,9,8,1,'Centre/Right'),(980,28,435,15,5,'Left'),(981,28,10,21,5,'Centre'),(982,28,128,11,5,'Right'),(983,28,8,10,6,'Centre'),(984,28,171,19,2,''),(985,28,436,9,2,''),(986,28,172,18,2,''),(987,28,13,1,2,''),(988,28,437,20,2,''),(989,28,16,16,2,''),(990,28,5,14,2,''),(991,28,37,13,9,'Centre'),(992,28,38,6,7,'Left'),(993,28,39,26,7,'Left/Centre'),(994,28,438,4,7,'Centre/Right'),(995,28,41,7,7,'Right'),(996,28,45,10,4,'Left/Centre'),(997,28,43,8,4,'Centre'),(998,28,44,5,4,'Centre/Right'),(999,28,49,21,6,'Left/Centre'),(1000,28,46,15,6,'Centre'),(1001,28,47,14,6,'Centre/Right'),(1002,28,292,9,2,''),(1003,28,50,11,2,''),(1004,28,293,27,2,''),(1005,28,51,19,2,''),(1006,28,52,18,2,''),(1007,28,53,17,2,''),(1008,28,54,1,2,''),(1009,29,195,22,9,'Centre'),(1010,29,403,15,7,'Left'),(1011,29,197,5,7,'Left/Centre'),(1012,29,198,26,7,'Centre/Right'),(1013,29,439,2,7,'Right'),(1014,29,211,20,1,'Left/Centre'),(1015,29,404,27,1,'Centre/Right'),(1016,29,204,18,5,'Left'),(1017,29,203,10,5,'Centre'),(1018,29,212,11,5,'Right'),(1019,29,209,9,6,'Centre'),(1020,29,407,28,2,''),(1021,29,208,1,2,''),(1022,29,201,8,2,''),(1023,29,200,13,2,''),(1024,29,440,21,2,''),(1025,29,199,3,2,''),(1026,29,210,24,2,''),(1027,29,143,25,9,'Centre'),(1028,29,144,28,7,'Left'),(1029,29,145,13,7,'Left/Centre'),(1030,29,146,26,7,'Centre/Right'),(1031,29,147,4,7,'Right'),(1032,29,149,6,4,'Left/Centre'),(1033,29,150,20,4,'Centre'),(1034,29,154,5,4,'Centre/Right'),(1035,29,153,7,6,'Left/Centre'),(1036,29,325,8,6,'Centre'),(1037,29,326,11,6,'Centre/Right'),(1038,29,328,9,2,''),(1039,29,441,15,2,''),(1040,29,155,14,2,''),(1041,29,148,2,2,''),(1042,29,158,29,2,''),(1043,29,159,30,2,''),(1044,29,160,22,2,''),(1045,30,37,13,9,'Centre'),(1046,30,38,6,7,'Left'),(1047,30,39,26,7,'Left/Centre'),(1048,30,53,17,7,'Centre/Right'),(1049,30,442,22,7,'Right'),(1050,30,42,20,4,'Left/Centre'),(1051,30,43,8,4,'Centre'),(1052,30,44,5,4,'Centre/Right'),(1053,30,45,10,6,'Left/Centre'),(1054,30,292,9,6,'Centre'),(1055,30,46,30,6,'Centre/Right'),(1056,30,50,11,2,''),(1057,30,41,7,2,''),(1058,30,51,19,2,''),(1059,30,52,18,2,''),(1060,30,54,1,2,''),(1061,30,443,25,2,''),(1062,30,444,16,2,''),(1063,30,329,1,9,'Centre'),(1064,30,391,28,7,'Left/Centre'),(1065,30,331,17,7,'Centre'),(1066,30,332,3,7,'Centre/Right'),(1067,30,333,4,4,'Left'),(1068,30,396,26,4,'Left/Centre'),(1069,30,337,8,4,'Centre/Right'),(1070,30,335,5,4,'Right'),(1071,30,334,11,5,'Centre'),(1072,30,394,7,6,'Left/Centre'),(1073,30,344,15,6,'Centre/Right'),(1074,30,445,32,2,''),(1075,30,446,20,2,''),(1076,30,393,24,2,''),(1077,30,395,31,2,''),(1078,30,343,23,2,''),(1079,30,447,10,2,''),(1080,30,346,22,2,''),(1081,31,195,22,9,'Centre'),(1082,31,196,7,7,'Left'),(1083,31,197,5,7,'Left/Centre'),(1084,31,407,28,7,'Centre/Right'),(1085,31,404,27,7,'Right'),(1086,31,200,13,1,'Left/Centre'),(1087,31,198,26,1,'Centre/Right'),(1088,31,204,18,5,'Left'),(1089,31,203,10,5,'Centre'),(1090,31,212,11,5,'Right'),(1091,31,205,14,6,'Centre'),(1092,31,406,32,2,''),(1093,31,207,4,2,''),(1094,31,208,1,2,''),(1095,31,201,8,2,''),(1096,31,405,31,2,''),(1097,31,211,20,2,''),(1098,31,448,29,2,''),(1099,31,137,1,9,'Centre'),(1100,31,113,5,7,'Left'),(1101,31,449,20,7,'Left/Centre'),(1102,31,138,16,7,'Centre/Right'),(1103,31,141,21,7,'Right'),(1104,31,115,17,1,'Left/Centre'),(1105,31,140,15,1,'Centre/Right'),(1106,31,118,7,5,'Left'),(1107,31,122,19,5,'Centre'),(1108,31,117,11,5,'Right'),(1109,31,120,24,6,'Centre'),(1110,31,119,28,2,''),(1111,31,110,33,2,''),(1112,31,124,30,2,''),(1113,31,125,32,2,''),(1114,31,111,13,2,''),(1115,31,112,6,2,''),(1116,31,126,9,2,''),(1117,32,190,1,9,'Centre'),(1118,32,416,27,7,'Left'),(1119,32,179,3,7,'Left/Centre'),(1120,32,189,22,7,'Centre/Right'),(1121,32,193,20,7,'Right'),(1122,32,418,13,4,'Left/Centre'),(1123,32,419,5,4,'Centre'),(1124,32,420,10,4,'Centre/Right'),(1125,32,181,11,6,'Left/Centre'),(1126,32,187,9,6,'Centre'),(1127,32,186,7,6,'Centre/Right'),(1128,32,184,28,2,''),(1129,32,188,8,2,''),(1130,32,421,31,2,''),(1131,32,176,25,2,''),(1132,32,417,17,2,''),(1133,32,450,19,2,''),(1134,32,185,23,2,''),(1135,32,249,1,9,'Centre'),(1136,32,250,15,7,'Left'),(1137,32,264,14,7,'Left/Centre'),(1138,32,252,4,7,'Centre/Right'),(1139,32,253,6,7,'Right'),(1140,32,257,10,4,'Left'),(1141,32,263,23,4,'Left/Centre'),(1142,32,255,13,4,'Centre/Right'),(1143,32,254,22,4,'Right'),(1144,32,258,19,6,'Left/Centre'),(1145,32,259,20,6,'Centre/Right'),(1146,32,260,8,2,''),(1147,32,261,12,2,''),(1148,32,251,3,2,''),(1149,32,256,21,2,''),(1150,32,265,9,2,''),(1151,32,434,18,2,''),(1152,32,266,30,2,''),(1153,33,213,1,9,'Centre'),(1154,33,267,3,7,'Left'),(1155,33,216,23,7,'Left/Centre'),(1156,33,226,29,7,'Centre/Right'),(1157,33,217,22,7,'Right'),(1158,33,272,9,4,'Left'),(1159,33,268,8,4,'Left/Centre'),(1160,33,219,28,4,'Centre/Right'),(1161,33,230,19,4,'Right'),(1162,33,223,17,6,'Left/Centre'),(1163,33,222,15,6,'Centre/Right'),(1164,33,269,24,2,''),(1165,33,218,10,2,''),(1166,33,451,2,2,''),(1167,33,271,6,2,''),(1168,33,270,14,2,''),(1169,33,273,12,2,''),(1170,33,228,11,2,''),(1171,33,66,25,9,'Centre'),(1172,33,56,15,7,'Left'),(1173,33,58,3,7,'Left/Centre'),(1174,33,314,5,7,'Centre/Right'),(1175,33,59,11,7,'Right'),(1176,33,60,16,1,'Left/Centre'),(1177,33,61,6,1,'Centre/Right'),(1178,33,62,23,5,'Left'),(1179,33,64,7,5,'Centre'),(1180,33,63,8,5,'Right'),(1181,33,65,9,6,'Centre'),(1182,33,316,14,2,''),(1183,33,68,21,2,''),(1184,33,57,20,2,''),(1185,33,70,10,2,''),(1186,33,71,19,2,''),(1187,33,55,1,2,''),(1188,33,72,18,2,''),(1189,34,231,25,9,'Centre'),(1190,34,247,24,7,'Left'),(1191,34,234,2,7,'Left/Centre'),(1192,34,242,30,7,'Centre/Right'),(1193,34,452,14,7,'Right'),(1194,34,413,29,4,'Left'),(1195,34,233,5,4,'Left/Centre'),(1196,34,238,20,4,'Centre/Right'),(1197,34,411,21,4,'Right'),(1198,34,241,11,6,'Left/Centre'),(1199,34,243,15,6,'Centre/Right'),(1200,34,236,19,2,''),(1201,34,235,3,2,''),(1202,34,412,12,2,''),(1203,34,415,23,2,''),(1204,34,237,9,2,''),(1205,34,246,22,2,''),(1206,34,232,18,2,''),(1207,34,384,12,9,'Centre'),(1208,34,388,7,7,'Left'),(1209,34,373,15,7,'Left/Centre'),(1210,34,389,5,7,'Centre/Right'),(1211,34,374,23,7,'Right'),(1212,34,375,22,1,'Centre'),(1213,34,379,11,4,'Left'),(1214,34,371,14,4,'Left/Centre'),(1215,34,382,8,4,'Centre/Right'),(1216,34,381,20,4,'Right'),(1217,34,380,9,6,'Centre'),(1218,34,370,1,2,''),(1219,34,390,18,2,''),(1220,34,410,21,2,''),(1221,34,378,26,2,''),(1222,34,376,24,2,''),(1223,34,386,2,2,''),(1224,34,387,19,2,''),(1225,35,1,22,9,'Centre'),(1226,35,2,13,7,'Left'),(1227,35,127,4,7,'Left/Centre'),(1228,35,3,2,7,'Centre/Right'),(1229,35,128,11,7,'Right'),(1230,35,129,3,4,'Left/Centre'),(1231,35,6,6,4,'Centre'),(1232,35,7,5,4,'Centre/Right'),(1233,35,10,21,6,'Left/Centre'),(1234,35,16,16,6,'Centre'),(1235,35,9,8,6,'Centre/Right'),(1236,35,4,23,2,''),(1237,35,171,19,2,''),(1238,35,436,9,2,''),(1239,35,172,18,2,''),(1240,35,13,1,2,''),(1241,35,14,24,2,''),(1242,35,131,30,2,''),(1243,35,231,25,9,'Centre'),(1244,35,232,18,7,'Left'),(1245,35,248,8,7,'Left/Centre'),(1246,35,234,2,7,'Centre/Right'),(1247,35,453,17,7,'Right'),(1248,35,238,20,4,'Left/Centre'),(1249,35,233,5,4,'Centre'),(1250,35,239,31,4,'Centre/Right'),(1251,35,247,24,6,'Left/Centre'),(1252,35,240,28,6,'Centre'),(1253,35,236,19,6,'Centre/Right'),(1254,35,235,3,2,''),(1255,35,244,6,2,''),(1256,35,415,23,2,''),(1257,35,245,16,2,''),(1258,35,237,9,2,''),(1259,35,452,14,2,''),(1260,35,411,21,2,''),(1261,36,231,25,9,'Centre'),(1262,36,232,18,7,'Left'),(1263,36,233,5,7,'Left/Centre'),(1264,36,234,2,7,'Centre/Right'),(1265,36,235,3,7,'Right'),(1266,36,246,22,1,'Left'),(1267,36,238,20,1,'Centre'),(1268,36,239,31,1,'Right'),(1269,36,237,9,5,'Centre'),(1270,36,240,28,6,'Left/Centre'),(1271,36,241,11,6,'Centre/Right'),(1272,36,236,19,2,''),(1273,36,242,30,2,''),(1274,36,243,15,2,''),(1275,36,245,16,2,''),(1276,36,247,24,2,''),(1277,36,454,33,2,''),(1278,36,248,8,2,''),(1279,36,66,25,9,'Centre'),(1280,36,56,15,7,'Left'),(1281,36,58,3,7,'Left/Centre'),(1282,36,314,5,7,'Centre/Right'),(1283,36,59,11,7,'Right'),(1284,36,60,16,1,'Left/Centre'),(1285,36,61,6,1,'Centre/Right'),(1286,36,62,23,5,'Left'),(1287,36,72,18,5,'Centre'),(1288,36,70,10,5,'Right'),(1289,36,65,9,6,'Centre'),(1290,36,316,14,2,''),(1291,36,64,7,2,''),(1292,36,68,21,2,''),(1293,36,69,24,2,''),(1294,36,57,20,2,''),(1295,36,71,19,2,''),(1296,36,55,1,2,''),(1297,37,231,25,9,'Centre'),(1298,37,232,18,7,'Left'),(1299,37,248,8,7,'Left/Centre'),(1300,37,234,2,7,'Centre/Right'),(1301,37,453,17,7,'Right'),(1302,37,237,9,4,'Left/Centre'),(1303,37,233,5,4,'Centre'),(1304,37,238,20,4,'Centre/Right'),(1305,37,247,24,6,'Left/Centre'),(1306,37,240,28,6,'Centre'),(1307,37,236,19,6,'Centre/Right'),(1308,37,242,30,2,''),(1309,37,414,7,2,''),(1310,37,243,15,2,''),(1311,37,239,31,2,''),(1312,37,244,6,2,''),(1313,37,415,23,2,''),(1314,37,245,16,2,''),(1315,37,317,17,9,'Centre'),(1316,37,278,14,7,'Left'),(1317,37,318,37,7,'Left/Centre'),(1318,37,287,16,7,'Centre/Right'),(1319,37,282,28,7,'Right'),(1320,37,320,30,4,'Left'),(1321,37,321,8,4,'Left/Centre'),(1322,37,280,5,4,'Centre/Right'),(1323,37,291,15,4,'Right'),(1324,37,322,26,6,'Left/Centre'),(1325,37,323,11,6,'Centre/Right'),(1326,37,275,3,2,''),(1327,37,286,24,2,''),(1328,37,455,22,2,''),(1329,37,289,13,2,''),(1330,37,290,25,2,''),(1331,37,283,20,2,''),(1332,37,324,32,2,''),(1333,38,91,13,9,'Centre'),(1334,38,92,17,7,'Left'),(1335,38,93,6,7,'Left/Centre'),(1336,38,105,4,7,'Centre/Right'),(1337,38,95,8,7,'Right'),(1338,38,97,20,1,'Left/Centre'),(1339,38,102,2,1,'Centre/Right'),(1340,38,98,7,5,'Left'),(1341,38,99,10,5,'Centre'),(1342,38,100,11,5,'Right'),(1343,38,101,22,6,'Centre'),(1344,38,94,3,2,''),(1345,38,347,28,2,''),(1346,38,456,27,2,''),(1347,38,106,9,2,''),(1348,38,107,19,2,''),(1349,38,457,18,2,''),(1350,38,108,16,2,''),(1351,38,109,12,9,'Centre'),(1352,38,125,32,7,'Left'),(1353,38,111,13,7,'Left/Centre'),(1354,38,138,16,7,'Centre/Right'),(1355,38,113,5,7,'Right'),(1356,38,115,17,1,'Left/Centre'),(1357,38,140,15,1,'Centre/Right'),(1358,38,139,8,5,'Left'),(1359,38,119,28,5,'Centre'),(1360,38,120,24,5,'Right'),(1361,38,118,7,6,'Centre'),(1362,38,116,23,2,''),(1363,38,121,10,2,''),(1364,38,114,14,2,''),(1365,38,122,19,2,''),(1366,38,112,6,2,''),(1367,38,126,9,2,''),(1368,38,458,22,2,''),(1369,39,143,25,9,'Centre'),(1370,39,144,28,7,'Left'),(1371,39,145,13,7,'Left/Centre'),(1372,39,146,26,7,'Centre/Right'),(1373,39,147,4,7,'Right'),(1374,39,149,6,4,'Left'),(1375,39,150,20,4,'Left/Centre'),(1376,39,151,23,4,'Centre/Right'),(1377,39,155,14,4,'Right'),(1378,39,153,7,6,'Left/Centre'),(1379,39,325,8,6,'Centre/Right'),(1380,39,154,5,2,''),(1381,39,328,9,2,''),(1382,39,441,15,2,''),(1383,39,326,11,2,''),(1384,39,148,2,2,''),(1385,39,159,30,2,''),(1386,39,160,22,2,''),(1387,39,1,22,9,'Centre'),(1388,39,2,13,7,'Left'),(1389,39,127,4,7,'Left/Centre'),(1390,39,3,2,7,'Centre/Right'),(1391,39,169,17,7,'Right'),(1392,39,170,7,1,'Left'),(1393,39,6,6,1,'Centre'),(1394,39,128,11,1,'Right'),(1395,39,171,19,5,'Centre'),(1396,39,8,10,6,'Left/Centre'),(1397,39,435,15,6,'Centre/Right'),(1398,39,4,23,2,''),(1399,39,172,18,2,''),(1400,39,13,1,2,''),(1401,39,14,24,2,''),(1402,39,437,20,2,''),(1403,39,5,14,2,''),(1404,39,459,25,2,''),(1405,40,349,12,9,'Centre'),(1406,40,350,8,7,'Left'),(1407,40,351,24,7,'Left/Centre'),(1408,40,460,19,7,'Centre/Right'),(1409,40,352,27,7,'Right'),(1410,40,353,29,4,'Left'),(1411,40,359,15,4,'Left/Centre'),(1412,40,356,5,4,'Centre'),(1413,40,355,22,4,'Centre/Right'),(1414,40,366,14,4,'Right'),(1415,40,358,9,6,'Centre'),(1416,40,357,11,2,''),(1417,40,360,7,2,''),(1418,40,361,1,2,''),(1419,40,399,17,2,''),(1420,40,363,3,2,''),(1421,40,364,31,2,''),(1422,40,354,21,2,''),(1423,40,249,1,9,'Centre'),(1424,40,250,15,7,'Left'),(1425,40,251,3,7,'Left/Centre'),(1426,40,264,14,7,'Centre/Right'),(1427,40,253,6,7,'Right'),(1428,40,254,22,4,'Left'),(1429,40,433,7,4,'Left/Centre'),(1430,40,255,13,4,'Centre/Right'),(1431,40,263,23,4,'Right'),(1432,40,257,10,5,'Centre'),(1433,40,258,19,6,'Centre'),(1434,40,261,12,2,''),(1435,40,262,17,2,''),(1436,40,256,21,2,''),(1437,40,265,9,2,''),(1438,40,434,18,2,''),(1439,40,461,27,2,''),(1440,40,462,11,2,''),(1441,41,143,25,9,'Centre'),(1442,41,144,28,7,'Left'),(1443,41,146,26,7,'Left/Centre'),(1444,41,145,13,7,'Centre/Right'),(1445,41,147,4,7,'Right'),(1446,41,151,23,4,'Left'),(1447,41,149,6,4,'Left/Centre'),(1448,41,148,2,4,'Centre/Right'),(1449,41,158,29,4,'Right'),(1450,41,153,7,6,'Left/Centre'),(1451,41,152,10,6,'Centre/Right'),(1452,41,154,8,2,''),(1453,41,155,18,2,''),(1454,41,326,11,2,''),(1455,41,157,19,2,''),(1456,41,463,31,2,''),(1457,41,159,30,2,''),(1458,41,160,22,2,''),(1459,41,349,12,9,'Centre'),(1460,41,350,8,7,'Left'),(1461,41,351,24,7,'Left/Centre'),(1462,41,460,19,7,'Centre/Right'),(1463,41,464,13,7,'Right'),(1464,41,353,29,4,'Left'),(1465,41,354,21,4,'Left/Centre'),(1466,41,397,18,4,'Centre/Right'),(1467,41,360,7,4,'Right'),(1468,41,357,11,6,'Left/Centre'),(1469,41,366,14,6,'Centre/Right'),(1470,41,356,5,2,''),(1471,41,361,1,2,''),(1472,41,399,17,2,''),(1473,41,363,3,2,''),(1474,41,359,15,2,''),(1475,41,355,22,2,''),(1476,41,465,6,2,''),(1477,42,370,1,9,'Centre'),(1478,42,371,14,7,'Left'),(1479,42,372,6,7,'Left/Centre'),(1480,42,373,15,7,'Centre/Right'),(1481,42,374,23,7,'Right'),(1482,42,389,5,1,'Left/Centre'),(1483,42,466,3,1,'Centre/Right'),(1484,42,377,10,5,'Left'),(1485,42,378,26,5,'Centre'),(1486,42,379,11,5,'Right'),(1487,42,380,9,6,'Centre'),(1488,42,381,20,2,''),(1489,42,382,8,2,''),(1490,42,383,17,2,''),(1491,42,384,12,2,''),(1492,42,376,24,2,''),(1493,42,386,2,2,''),(1494,42,387,19,2,''),(1495,42,143,25,9,'Centre'),(1496,42,400,21,7,'Left'),(1497,42,145,13,7,'Left/Centre'),(1498,42,160,22,7,'Centre/Right'),(1499,42,147,4,7,'Right'),(1500,42,148,2,1,'Centre'),(1501,42,155,18,4,'Left'),(1502,42,150,20,4,'Right'),(1503,42,152,10,5,'Centre'),(1504,42,328,11,6,'Left/Centre'),(1505,42,401,17,6,'Centre/Right'),(1506,42,441,16,2,''),(1507,42,149,6,2,''),(1508,42,326,9,2,''),(1509,42,158,29,2,''),(1510,42,151,23,2,''),(1511,42,159,30,2,''),(1512,42,144,28,2,''),(1513,43,231,25,9,'Centre'),(1514,43,247,24,7,'Left'),(1515,43,234,2,7,'Left/Centre'),(1516,43,233,5,7,'Centre/Right'),(1517,43,235,3,7,'Right'),(1518,43,246,22,1,'Left'),(1519,43,238,20,1,'Centre'),(1520,43,411,21,1,'Right'),(1521,43,237,9,5,'Centre'),(1522,43,241,11,6,'Left/Centre'),(1523,43,243,15,6,'Centre/Right'),(1524,43,236,19,2,''),(1525,43,412,12,2,''),(1526,43,413,29,2,''),(1527,43,242,30,2,''),(1528,43,239,31,2,''),(1529,43,415,23,2,''),(1530,43,452,14,2,''),(1531,43,91,13,9,'Centre'),(1532,43,92,17,7,'Left'),(1533,43,93,6,7,'Left/Centre'),(1534,43,94,3,7,'Centre/Right'),(1535,43,105,4,7,'Right'),(1536,43,102,2,1,'Centre'),(1537,43,107,19,4,'Left'),(1538,43,97,20,4,'Left/Centre'),(1539,43,96,5,4,'Centre/Right'),(1540,43,100,11,4,'Right'),(1541,43,101,22,6,'Centre'),(1542,43,347,28,2,''),(1543,43,104,14,2,''),(1544,43,95,8,2,''),(1545,43,467,31,2,''),(1546,43,98,7,2,''),(1547,43,457,18,2,''),(1548,43,108,16,2,''),(1549,44,37,13,9,'Centre'),(1550,44,38,6,7,'Left'),(1551,44,40,3,7,'Left/Centre'),(1552,44,438,4,7,'Centre/Right'),(1553,44,41,7,7,'Right'),(1554,44,44,5,4,'Left/Centre'),(1555,44,43,8,4,'Centre'),(1556,44,42,20,4,'Centre/Right'),(1557,44,45,10,6,'Left/Centre'),(1558,44,46,15,6,'Centre'),(1559,44,47,14,6,'Centre/Right'),(1560,44,48,24,2,''),(1561,44,49,21,2,''),(1562,44,50,11,2,''),(1563,44,39,26,2,''),(1564,44,52,18,2,''),(1565,44,53,17,2,''),(1566,44,54,1,2,''),(1567,44,143,25,9,'Centre'),(1568,44,144,28,7,'Left'),(1569,44,145,13,7,'Left/Centre'),(1570,44,146,26,7,'Centre/Right'),(1571,44,147,4,7,'Right'),(1572,44,149,6,4,'Left'),(1573,44,151,23,4,'Left/Centre'),(1574,44,154,5,4,'Centre/Right'),(1575,44,150,20,4,'Right'),(1576,44,325,8,6,'Left/Centre'),(1577,44,328,9,6,'Centre/Right'),(1578,44,153,7,2,''),(1579,44,152,10,2,''),(1580,44,155,14,2,''),(1581,44,326,11,2,''),(1582,44,148,2,2,''),(1583,44,159,30,2,''),(1584,44,160,22,2,''),(1585,45,109,12,9,'Centre'),(1586,45,113,5,7,'Left'),(1587,45,111,13,7,'Left/Centre'),(1588,45,138,16,7,'Centre/Right'),(1589,45,125,32,7,'Right'),(1590,45,120,24,4,'Left'),(1591,45,115,17,4,'Left/Centre'),(1592,45,140,15,4,'Centre/Right'),(1593,45,139,8,4,'Right'),(1594,45,118,7,6,'Left/Centre'),(1595,45,119,28,6,'Centre/Right'),(1596,45,116,23,2,''),(1597,45,121,10,2,''),(1598,45,114,14,2,''),(1599,45,110,33,2,''),(1600,45,122,19,2,''),(1601,45,123,29,2,''),(1602,45,112,6,2,''),(1603,45,126,9,2,''),(1604,45,458,22,2,''),(1605,45,73,1,9,'Centre'),(1606,45,88,21,7,'Left'),(1607,45,75,5,7,'Left/Centre'),(1608,45,165,2,7,'Centre/Right'),(1609,45,368,19,7,'Right'),(1610,45,79,8,1,'Centre'),(1611,45,86,16,4,'Left'),(1612,45,82,15,4,'Right'),(1613,45,80,10,5,'Centre'),(1614,45,90,30,6,'Left/Centre'),(1615,45,83,9,6,'Centre/Right'),(1616,45,369,27,2,''),(1617,45,84,7,2,''),(1618,45,78,11,2,''),(1619,45,81,18,2,''),(1620,45,85,23,2,''),(1621,45,77,29,2,''),(1622,45,74,24,2,''),(1623,45,166,14,2,''),(1624,45,163,6,2,''),(1625,45,167,12,2,''),(1626,46,295,1,9,'Centre'),(1627,46,468,19,7,'Left'),(1628,46,469,6,7,'Left/Centre'),(1629,46,298,5,7,'Centre/Right'),(1630,46,297,37,7,'Right'),(1631,46,300,17,4,'Left/Centre'),(1632,46,302,29,4,'Centre'),(1633,46,306,3,4,'Centre/Right'),(1634,46,470,15,6,'Left/Centre'),(1635,46,304,9,6,'Centre'),(1636,46,305,8,6,'Centre/Right'),(1637,46,307,20,2,''),(1638,46,471,21,2,''),(1639,46,301,14,2,''),(1640,46,309,12,2,''),(1641,46,299,2,2,''),(1642,46,472,22,2,''),(1643,46,296,23,2,''),(1644,46,109,12,9,'Centre'),(1645,46,110,33,7,'Left'),(1646,46,111,13,7,'Left/Centre'),(1647,46,138,16,7,'Centre/Right'),(1648,46,113,5,7,'Right'),(1649,46,140,15,4,'Left/Centre'),(1650,46,139,8,4,'Centre'),(1651,46,115,17,4,'Centre/Right'),(1652,46,114,14,6,'Left/Centre'),(1653,46,119,28,6,'Centre'),(1654,46,117,11,6,'Centre/Right'),(1655,46,120,24,2,''),(1656,46,116,23,2,''),(1657,46,121,10,2,''),(1658,46,122,19,2,''),(1659,46,124,30,2,''),(1660,46,125,32,2,''),(1661,46,112,6,2,''),(1662,47,370,1,9,'Centre'),(1663,47,388,7,7,'Left'),(1664,47,372,6,7,'Left/Centre'),(1665,47,373,15,7,'Centre/Right'),(1666,47,374,23,7,'Right'),(1667,47,375,22,1,'Centre'),(1668,47,371,14,4,'Left'),(1669,47,376,24,4,'Right'),(1670,47,382,8,5,'Centre'),(1671,47,377,10,6,'Left/Centre'),(1672,47,380,9,6,'Centre/Right'),(1673,47,381,20,2,''),(1674,47,383,17,2,''),(1675,47,384,12,2,''),(1676,47,378,26,2,''),(1677,47,385,27,2,''),(1678,47,386,2,2,''),(1679,47,387,19,2,''),(1680,47,208,1,9,'Centre'),(1681,47,196,7,7,'Left'),(1682,47,197,5,7,'Left/Centre'),(1683,47,207,4,7,'Centre/Right'),(1684,47,439,2,7,'Right'),(1685,47,473,16,1,'Left/Centre'),(1686,47,211,20,1,'Centre/Right'),(1687,47,204,18,5,'Left'),(1688,47,203,10,5,'Centre'),(1689,47,212,11,5,'Right'),(1690,47,448,29,6,'Centre'),(1691,47,406,32,2,''),(1692,47,201,8,2,''),(1693,47,405,31,2,''),(1694,47,199,3,2,''),(1695,47,195,22,2,''),(1696,47,403,15,2,''),(1697,47,474,17,2,''),(1698,48,329,1,9,'Centre'),(1699,48,333,4,7,'Left'),(1700,48,330,2,7,'Left/Centre'),(1701,48,331,17,7,'Centre/Right'),(1702,48,336,6,7,'Right'),(1703,48,392,14,1,'Left/Centre'),(1704,48,334,11,1,'Centre/Right'),(1705,48,344,15,5,'Left'),(1706,48,337,8,5,'Centre'),(1707,48,335,5,5,'Right'),(1708,48,339,16,6,'Centre'),(1709,48,340,18,2,''),(1710,48,475,21,2,''),(1711,48,332,3,2,''),(1712,48,447,10,2,''),(1713,48,346,12,2,''),(1714,48,394,7,2,''),(1715,48,338,9,2,''),(1716,48,37,13,9,'Centre'),(1717,48,38,6,7,'Left'),(1718,48,40,3,7,'Left/Centre'),(1719,48,438,4,7,'Centre/Right'),(1720,48,41,7,7,'Right'),(1721,48,45,10,4,'Left/Centre'),(1722,48,43,8,4,'Centre'),(1723,48,42,20,4,'Centre/Right'),(1724,48,50,11,6,'Left/Centre'),(1725,48,48,24,6,'Centre'),(1726,48,47,14,6,'Centre/Right'),(1727,48,293,27,2,''),(1728,48,51,19,2,''),(1729,48,52,18,2,''),(1730,48,46,15,2,''),(1731,48,53,17,2,''),(1732,48,54,1,2,''),(1733,48,476,28,2,''),(1734,49,55,1,9,'Centre'),(1735,49,56,15,7,'Left'),(1736,49,57,20,7,'Left/Centre'),(1737,49,58,3,7,'Centre/Right'),(1738,49,59,11,7,'Right'),(1739,49,60,16,4,'Left/Centre'),(1740,49,61,6,4,'Centre'),(1741,49,316,14,4,'Centre/Right'),(1742,49,62,23,6,'Left/Centre'),(1743,49,65,9,6,'Centre'),(1744,49,64,7,6,'Centre/Right'),(1745,49,66,25,2,''),(1746,49,477,17,2,''),(1747,49,67,13,2,''),(1748,49,68,21,2,''),(1749,49,70,10,2,''),(1750,49,71,19,2,''),(1751,49,72,18,2,''),(1752,49,195,22,9,'Centre'),(1753,49,403,15,7,'Left'),(1754,49,197,5,7,'Left/Centre'),(1755,49,198,26,7,'Centre/Right'),(1756,49,199,3,7,'Right'),(1757,49,404,27,1,'Left/Centre'),(1758,49,211,20,1,'Centre/Right'),(1759,49,204,18,5,'Left'),(1760,49,203,10,5,'Centre'),(1761,49,212,11,5,'Right'),(1762,49,209,9,6,'Centre'),(1763,49,207,4,2,''),(1764,49,208,1,2,''),(1765,49,202,6,2,''),(1766,49,201,8,2,''),(1767,49,200,13,2,''),(1768,49,405,31,2,''),(1769,49,210,24,2,''),(1770,50,73,1,9,'Centre'),(1771,50,85,23,7,'Left'),(1772,50,75,5,7,'Left/Centre'),(1773,50,165,2,7,'Centre/Right'),(1774,50,88,21,7,'Right'),(1775,50,78,11,4,'Left/Centre'),(1776,50,79,8,4,'Centre'),(1777,50,368,19,4,'Centre/Right'),(1778,50,80,10,6,'Left/Centre'),(1779,50,83,9,6,'Centre'),(1780,50,82,15,6,'Centre/Right'),(1781,50,84,7,2,''),(1782,50,81,18,2,''),(1783,50,367,14,2,''),(1784,50,87,26,2,''),(1785,50,74,24,2,''),(1786,50,167,12,2,''),(1787,50,90,30,2,''),(1788,50,208,1,9,'Centre'),(1789,50,196,7,7,'Left'),(1790,50,197,5,7,'Left/Centre'),(1791,50,207,4,7,'Centre/Right'),(1792,50,439,2,7,'Right'),(1793,50,473,16,1,'Left/Centre'),(1794,50,474,17,1,'Centre/Right'),(1795,50,448,29,5,'Left'),(1796,50,203,10,5,'Centre'),(1797,50,211,20,5,'Right'),(1798,50,204,18,6,'Centre'),(1799,50,478,9,2,''),(1800,50,406,32,2,''),(1801,50,407,28,2,''),(1802,50,201,8,2,''),(1803,50,195,22,2,''),(1804,50,212,11,2,''),(1805,50,403,15,2,''),(1806,51,91,13,9,'Centre'),(1807,51,103,30,7,'Left'),(1808,51,93,6,7,'Left/Centre'),(1809,51,94,3,7,'Centre/Right'),(1810,51,105,4,7,'Right'),(1811,51,457,18,1,'Left/Centre'),(1812,51,102,2,1,'Centre/Right'),(1813,51,92,17,5,'Left'),(1814,51,97,20,5,'Centre'),(1815,51,347,28,5,'Right'),(1816,51,101,22,6,'Centre'),(1817,51,99,10,2,''),(1818,51,348,15,2,''),(1819,51,106,9,2,''),(1820,51,107,19,2,''),(1821,51,98,7,2,''),(1822,51,96,5,2,''),(1823,51,108,16,2,''),(1824,51,37,13,9,'Centre'),(1825,51,38,6,7,'Left'),(1826,51,40,3,7,'Left/Centre'),(1827,51,438,4,7,'Centre/Right'),(1828,51,41,7,7,'Right'),(1829,51,45,10,4,'Left/Centre'),(1830,51,43,8,4,'Centre'),(1831,51,44,5,4,'Centre/Right'),(1832,51,47,14,6,'Left/Centre'),(1833,51,46,15,6,'Centre'),(1834,51,48,24,6,'Centre/Right'),(1835,51,49,21,2,''),(1836,51,50,11,2,''),(1837,51,39,26,2,''),(1838,51,51,19,2,''),(1839,51,42,20,2,''),(1840,51,52,18,2,''),(1841,51,54,1,2,''),(1842,52,349,12,9,'Centre'),(1843,52,350,8,7,'Left'),(1844,52,351,24,7,'Left/Centre'),(1845,52,460,19,7,'Centre/Right'),(1846,52,397,18,7,'Right'),(1847,52,354,21,4,'Left/Centre'),(1848,52,356,5,4,'Centre'),(1849,52,360,7,4,'Centre/Right'),(1850,52,362,10,6,'Left/Centre'),(1851,52,353,29,6,'Centre'),(1852,52,366,14,6,'Centre/Right'),(1853,52,361,1,2,''),(1854,52,464,13,2,''),(1855,52,399,17,2,''),(1856,52,364,31,2,''),(1857,52,465,6,2,''),(1858,52,479,16,2,''),(1859,52,480,30,2,''),(1860,52,66,25,9,'Centre'),(1861,52,58,3,7,'Left/Centre'),(1862,52,57,20,7,'Centre'),(1863,52,314,5,7,'Centre/Right'),(1864,52,56,15,8,'Left'),(1865,52,59,11,8,'Right'),(1866,52,63,8,4,'Left/Centre'),(1867,52,61,6,4,'Centre'),(1868,52,60,16,4,'Centre/Right'),(1869,52,64,7,6,'Left/Centre'),(1870,52,62,23,6,'Centre/Right'),(1871,52,316,14,2,''),(1872,52,68,21,2,''),(1873,52,69,24,2,''),(1874,52,70,10,2,''),(1875,52,65,9,2,''),(1876,52,55,1,2,''),(1877,52,72,18,2,''),(1878,53,349,12,9,'Centre'),(1879,53,350,8,7,'Left'),(1880,53,351,24,7,'Left/Centre'),(1881,53,460,19,7,'Centre/Right'),(1882,53,397,18,7,'Right'),(1883,53,355,22,1,'Centre'),(1884,53,354,21,4,'Left'),(1885,53,356,5,4,'Right'),(1886,53,359,15,5,'Centre'),(1887,53,353,29,6,'Left/Centre'),(1888,53,357,11,6,'Centre/Right'),(1889,53,360,7,2,''),(1890,53,361,1,2,''),(1891,53,399,17,2,''),(1892,53,363,3,2,''),(1893,53,481,30,2,''),(1894,53,465,6,2,''),(1895,53,479,16,2,''),(1896,53,329,1,9,'Centre'),(1897,53,391,28,7,'Left/Centre'),(1898,53,330,2,7,'Centre'),(1899,53,331,17,7,'Centre/Right'),(1900,53,335,5,4,'Left'),(1901,53,337,8,4,'Left/Centre'),(1902,53,392,14,4,'Centre'),(1903,53,334,11,4,'Centre/Right'),(1904,53,336,6,4,'Right'),(1905,53,344,15,6,'Left/Centre'),(1906,53,338,9,6,'Centre/Right'),(1907,53,333,4,2,''),(1908,53,395,31,2,''),(1909,53,332,3,2,''),(1910,53,447,10,2,''),(1911,53,396,26,2,''),(1912,53,346,22,2,''),(1913,53,394,7,2,''),(1914,54,1,22,9,'Centre'),(1915,54,2,13,7,'Left'),(1916,54,127,4,7,'Left/Centre'),(1917,54,3,2,7,'Centre/Right'),(1918,54,4,23,7,'Right'),(1919,54,128,11,4,'Left'),(1920,54,170,7,4,'Left/Centre'),(1921,54,6,6,4,'Centre/Right'),(1922,54,5,14,4,'Right'),(1923,54,8,10,6,'Left/Centre'),(1924,54,435,15,6,'Centre/Right'),(1925,54,171,19,2,''),(1926,54,436,9,2,''),(1927,54,172,18,2,''),(1928,54,13,1,2,''),(1929,54,168,3,2,''),(1930,54,14,24,2,''),(1931,54,437,20,2,''),(1932,54,349,12,9,'Centre'),(1933,54,350,8,7,'Left/Centre'),(1934,54,351,24,7,'Centre'),(1935,54,352,27,7,'Centre/Right'),(1936,54,359,15,4,'Left'),(1937,54,354,21,4,'Left/Centre'),(1938,54,355,22,4,'Centre'),(1939,54,356,5,4,'Centre/Right'),(1940,54,360,7,4,'Right'),(1941,54,357,11,6,'Left/Centre'),(1942,54,358,9,6,'Centre/Right'),(1943,54,361,1,2,''),(1944,54,362,10,2,''),(1945,54,363,3,2,''),(1946,54,364,31,2,''),(1947,54,365,28,2,''),(1948,54,397,18,2,''),(1949,54,353,29,2,''),(1950,55,195,22,9,'Centre'),(1951,55,196,7,7,'Left'),(1952,55,197,5,7,'Left/Centre'),(1953,55,207,4,7,'Centre/Right'),(1954,55,439,2,7,'Right'),(1955,55,200,13,1,'Left/Centre'),(1956,55,198,26,1,'Centre/Right'),(1957,55,204,18,5,'Left'),(1958,55,203,10,5,'Centre'),(1959,55,202,6,5,'Right'),(1960,55,205,14,6,'Centre'),(1961,55,404,27,2,''),(1962,55,208,1,2,''),(1963,55,201,8,2,''),(1964,55,209,9,2,''),(1965,55,210,24,2,''),(1966,55,211,20,2,''),(1967,55,212,11,2,''),(1968,55,295,1,9,'Centre'),(1969,55,468,19,7,'Left'),(1970,55,469,6,7,'Left/Centre'),(1971,55,298,5,7,'Centre/Right'),(1972,55,482,16,7,'Right'),(1973,55,302,29,1,'Left/Centre'),(1974,55,483,24,1,'Centre/Right'),(1975,55,296,23,5,'Left'),(1976,55,303,10,5,'Centre'),(1977,55,484,11,5,'Right'),(1978,55,304,9,6,'Centre'),(1979,55,306,3,2,''),(1980,55,485,32,2,''),(1981,55,486,28,2,''),(1982,55,301,14,2,''),(1983,55,309,12,2,''),(1984,55,310,27,2,''),(1985,55,487,26,2,''),(1986,56,91,13,9,'Centre'),(1987,56,92,17,7,'Left'),(1988,56,422,23,7,'Left/Centre'),(1989,56,105,4,7,'Centre/Right'),(1990,56,456,27,7,'Right'),(1991,56,102,2,1,'Left/Centre'),(1992,56,457,18,1,'Centre/Right'),(1993,56,98,7,5,'Left'),(1994,56,99,10,5,'Centre'),(1995,56,100,11,5,'Right'),(1996,56,101,22,6,'Centre'),(1997,56,347,28,2,''),(1998,56,104,14,2,''),(1999,56,106,9,2,''),(2000,56,107,19,2,''),(2001,56,488,33,2,''),(2002,56,97,20,2,''),(2003,56,108,16,2,''),(2004,56,143,25,9,'Centre'),(2005,56,144,28,7,'Left'),(2006,56,145,13,7,'Left/Centre'),(2007,56,146,26,7,'Centre/Right'),(2008,56,147,4,7,'Right'),(2009,56,148,2,1,'Centre'),(2010,56,149,6,4,'Left'),(2011,56,150,20,4,'Right'),(2012,56,152,10,5,'Centre'),(2013,56,326,9,6,'Left/Centre'),(2014,56,153,7,6,'Centre/Right'),(2015,56,155,18,2,''),(2016,56,156,5,2,''),(2017,56,157,19,2,''),(2018,56,158,29,2,''),(2019,56,151,23,2,''),(2020,56,159,30,2,''),(2021,56,160,22,2,''),(2022,57,225,25,9,'Centre'),(2023,57,214,20,7,'Left/Centre'),(2024,57,226,29,7,'Centre'),(2025,57,216,23,7,'Centre/Right'),(2026,57,217,22,4,'Left'),(2027,57,219,28,4,'Left/Centre'),(2028,57,220,21,4,'Centre/Right'),(2029,57,221,27,4,'Right'),(2030,57,218,10,6,'Left/Centre'),(2031,57,227,18,6,'Centre'),(2032,57,223,17,6,'Centre/Right'),(2033,57,48,24,2,''),(2034,57,267,3,2,''),(2035,57,489,9,2,''),(2036,57,273,12,2,''),(2037,57,228,11,2,''),(2038,57,229,30,2,''),(2039,57,230,19,2,''),(2040,57,73,1,9,'Centre'),(2041,57,74,24,7,'Left'),(2042,57,75,5,7,'Left/Centre'),(2043,57,165,2,7,'Centre/Right'),(2044,57,368,19,7,'Right'),(2045,57,87,26,4,'Left/Centre'),(2046,57,79,8,4,'Centre'),(2047,57,78,11,4,'Centre/Right'),(2048,57,80,10,6,'Left/Centre'),(2049,57,83,9,6,'Centre'),(2050,57,82,15,6,'Centre/Right'),(2051,57,84,7,2,''),(2052,57,81,18,2,''),(2053,57,367,14,2,''),(2054,57,86,16,2,''),(2055,57,88,21,2,''),(2056,57,167,12,2,''),(2057,57,90,30,2,''),(2058,58,317,17,9,'Centre'),(2059,58,275,3,7,'Left'),(2060,58,318,37,7,'Left/Centre'),(2061,58,319,6,7,'Centre/Right'),(2062,58,287,16,7,'Right'),(2063,58,320,30,4,'Left'),(2064,58,283,20,4,'Left/Centre'),(2065,58,321,8,4,'Centre/Right'),(2066,58,282,28,4,'Right'),(2067,58,322,26,6,'Left/Centre'),(2068,58,324,32,6,'Centre/Right'),(2069,58,278,14,2,''),(2070,58,323,11,2,''),(2071,58,291,15,2,''),(2072,58,37,13,9,'Centre'),(2073,58,51,19,7,'Left'),(2074,58,39,26,7,'Left/Centre'),(2075,58,40,3,7,'Centre/Right'),(2076,58,41,7,7,'Right'),(2077,58,45,10,4,'Left/Centre'),(2078,58,43,8,4,'Centre'),(2079,58,44,5,4,'Centre/Right'),(2080,58,50,11,6,'Left/Centre'),(2081,58,46,15,6,'Centre'),(2082,58,47,14,6,'Centre/Right'),(2083,58,292,9,2,''),(2084,58,293,27,2,''),(2085,58,42,20,2,''),(2086,58,52,18,2,''),(2087,58,53,17,2,''),(2088,58,54,1,2,''),(2089,58,476,28,2,''),(2090,59,55,1,9,'Centre'),(2091,59,56,15,7,'Left'),(2092,59,57,20,7,'Left/Centre'),(2093,59,58,3,7,'Centre/Right'),(2094,59,59,11,7,'Right'),(2095,59,61,6,1,'Centre'),(2096,59,60,16,4,'Left'),(2097,59,316,14,4,'Right'),(2098,59,63,8,5,'Centre'),(2099,59,62,23,6,'Left/Centre'),(2100,59,65,9,6,'Centre/Right'),(2101,59,66,25,2,''),(2102,59,64,7,2,''),(2103,59,477,17,2,''),(2104,59,67,13,2,''),(2105,59,68,21,2,''),(2106,59,70,10,2,''),(2107,59,71,19,2,''),(2108,59,31,12,9,'Centre'),(2109,59,36,6,7,'Left'),(2110,59,132,3,7,'Left/Centre'),(2111,59,22,2,7,'Centre/Right'),(2112,59,134,4,7,'Right'),(2113,59,26,14,4,'Left/Centre'),(2114,59,174,26,4,'Centre'),(2115,59,25,10,4,'Centre/Right'),(2116,59,173,22,6,'Left/Centre'),(2117,59,29,9,6,'Centre'),(2118,59,23,7,6,'Centre/Right'),(2119,59,20,15,2,''),(2120,59,133,16,2,''),(2121,59,175,18,2,''),(2122,59,32,17,2,''),(2123,59,135,20,2,''),(2124,59,19,1,2,''),(2125,59,35,19,2,''),(2126,60,37,13,9,'Centre'),(2127,60,38,6,7,'Left'),(2128,60,39,26,7,'Left/Centre'),(2129,60,40,3,7,'Centre/Right'),(2130,60,442,32,7,'Right'),(2131,60,45,10,4,'Left/Centre'),(2132,60,43,8,4,'Centre'),(2133,60,42,20,4,'Centre/Right'),(2134,60,50,11,6,'Left/Centre'),(2135,60,46,15,6,'Centre'),(2136,60,47,14,6,'Centre/Right'),(2137,60,292,9,2,''),(2138,60,293,27,2,''),(2139,60,51,19,2,''),(2140,60,52,18,2,''),(2141,60,53,17,2,''),(2142,60,54,1,2,''),(2143,60,444,22,2,''),(2144,60,195,22,9,'Centre'),(2145,60,196,7,7,'Left'),(2146,60,197,5,7,'Left/Centre'),(2147,60,207,4,7,'Centre/Right'),(2148,60,404,27,7,'Right'),(2149,60,211,20,4,'Left/Centre'),(2150,60,198,26,4,'Centre'),(2151,60,203,10,4,'Centre/Right'),(2152,60,204,18,6,'Left/Centre'),(2153,60,448,29,6,'Centre'),(2154,60,212,11,6,'Centre/Right'),(2155,60,406,32,2,''),(2156,60,407,28,2,''),(2157,60,208,1,2,''),(2158,60,202,6,2,''),(2159,60,403,15,2,''),(2160,60,474,17,2,''),(2161,60,205,14,2,''),(2162,61,295,1,9,'Centre'),(2163,61,468,19,7,'Left'),(2164,61,469,6,7,'Left/Centre'),(2165,61,486,28,7,'Centre/Right'),(2166,61,482,16,7,'Right'),(2167,61,483,24,1,'Left/Centre'),(2168,61,310,27,1,'Centre/Right'),(2169,61,296,23,5,'Left'),(2170,61,303,10,5,'Centre'),(2171,61,484,11,5,'Right'),(2172,61,490,7,6,'Centre'),(2173,61,306,3,2,''),(2174,61,298,5,2,''),(2175,61,302,29,2,''),(2176,61,305,8,2,''),(2177,61,304,9,2,''),(2178,61,309,12,2,''),(2179,61,487,26,2,''),(2180,61,190,1,9,'Centre'),(2181,61,177,15,7,'Left'),(2182,61,491,2,7,'Left/Centre'),(2183,61,189,22,7,'Centre/Right'),(2184,61,180,21,7,'Right'),(2185,61,418,13,1,'Left/Centre'),(2186,61,419,5,1,'Centre/Right'),(2187,61,181,11,5,'Left'),(2188,61,420,10,5,'Centre'),(2189,61,185,23,5,'Right'),(2190,61,187,9,6,'Centre'),(2191,61,183,29,2,''),(2192,61,182,24,2,''),(2193,61,184,28,2,''),(2194,61,188,8,2,''),(2195,61,176,25,2,''),(2196,61,492,6,2,''),(2197,61,192,16,2,''),(2198,62,73,1,9,'Centre'),(2199,62,74,24,7,'Left'),(2200,62,75,5,7,'Left/Centre'),(2201,62,165,2,7,'Centre/Right'),(2202,62,368,19,7,'Right'),(2203,62,79,8,1,'Centre'),(2204,62,82,15,4,'Left'),(2205,62,78,11,4,'Left/Centre'),(2206,62,166,14,4,'Centre/Right'),(2207,62,81,18,4,'Right'),(2208,62,83,9,6,'Centre'),(2209,62,85,23,2,''),(2210,62,86,16,2,''),(2211,62,87,26,2,''),(2212,62,80,10,2,''),(2213,62,88,21,2,''),(2214,62,167,12,2,''),(2215,62,90,30,2,''),(2216,62,37,13,9,'Centre'),(2217,62,38,6,7,'Left'),(2218,62,39,26,7,'Left/Centre'),(2219,62,438,4,7,'Centre/Right'),(2220,62,41,7,7,'Right'),(2221,62,45,10,4,'Left/Centre'),(2222,62,43,8,4,'Centre'),(2223,62,44,5,4,'Centre/Right'),(2224,62,50,11,6,'Left/Centre'),(2225,62,46,15,6,'Centre'),(2226,62,47,14,6,'Centre/Right'),(2227,62,292,9,2,''),(2228,62,49,21,2,''),(2229,62,293,27,2,''),(2230,62,51,19,2,''),(2231,62,52,18,2,''),(2232,62,53,17,2,''),(2233,62,54,1,2,''),(2234,63,317,17,9,'Centre'),(2235,63,286,24,7,'Left'),(2236,63,318,37,7,'Left/Centre'),(2237,63,493,31,7,'Centre/Right'),(2238,63,77,33,7,'Right'),(2239,63,494,21,1,'Left/Centre'),(2240,63,321,8,1,'Centre/Right'),(2241,63,278,14,5,'Left'),(2242,63,283,20,5,'Centre'),(2243,63,323,11,5,'Right'),(2244,63,322,26,6,'Centre'),(2245,63,282,28,2,''),(2246,63,287,16,2,''),(2247,63,495,7,2,''),(2248,63,280,5,2,''),(2249,63,289,13,2,''),(2250,63,496,9,2,''),(2251,63,497,10,2,''),(2252,63,231,25,9,'Centre'),(2253,63,232,18,7,'Left'),(2254,63,248,8,7,'Left/Centre'),(2255,63,234,2,7,'Centre/Right'),(2256,63,498,4,7,'Right'),(2257,63,237,9,4,'Left/Centre'),(2258,63,452,14,4,'Centre'),(2259,63,238,20,4,'Centre/Right'),(2260,63,236,19,6,'Left/Centre'),(2261,63,241,11,6,'Centre'),(2262,63,499,10,6,'Centre/Right'),(2263,63,235,3,2,''),(2264,63,453,17,2,''),(2265,63,243,15,2,''),(2266,63,239,31,2,''),(2267,63,500,27,2,''),(2268,63,415,23,2,''),(2269,63,245,16,2,''),(2270,64,190,1,9,'Centre'),(2271,64,177,15,7,'Left'),(2272,64,491,2,7,'Left/Centre'),(2273,64,189,22,7,'Centre/Right'),(2274,64,193,20,7,'Right'),(2275,64,418,13,1,'Left/Centre'),(2276,64,419,5,1,'Centre/Right'),(2277,64,181,11,5,'Left'),(2278,64,420,10,5,'Centre'),(2279,64,184,28,5,'Right'),(2280,64,187,9,6,'Centre'),(2281,64,183,29,2,''),(2282,64,182,24,2,''),(2283,64,188,8,2,''),(2284,64,176,25,2,''),(2285,64,492,6,2,''),(2286,64,180,21,2,''),(2287,64,185,23,2,''),(2288,64,66,25,9,'Centre'),(2289,64,56,15,7,'Left'),(2290,64,57,20,7,'Left/Centre'),(2291,64,58,3,7,'Centre/Right'),(2292,64,59,11,7,'Right'),(2293,64,61,6,1,'Left/Centre'),(2294,64,68,21,1,'Centre/Right'),(2295,64,62,23,5,'Left'),(2296,64,63,8,5,'Centre'),(2297,64,60,16,5,'Right'),(2298,64,65,9,6,'Centre'),(2299,64,316,14,2,''),(2300,64,313,2,2,''),(2301,64,64,7,2,''),(2302,64,71,19,2,''),(2303,64,501,22,2,''),(2304,64,55,1,2,''),(2305,64,72,18,2,''),(2306,65,137,1,9,'Centre'),(2307,65,110,33,7,'Left'),(2308,65,111,13,7,'Left/Centre'),(2309,65,138,16,7,'Centre/Right'),(2310,65,113,5,7,'Right'),(2311,65,115,17,1,'Left/Centre'),(2312,65,140,15,1,'Centre/Right'),(2313,65,139,8,5,'Left'),(2314,65,118,7,5,'Centre'),(2315,65,121,10,5,'Right'),(2316,65,126,9,6,'Centre'),(2317,65,120,24,2,''),(2318,65,109,12,2,''),(2319,65,116,23,2,''),(2320,65,502,2,2,''),(2321,65,119,28,2,''),(2322,65,122,19,2,''),(2323,65,112,6,2,''),(2324,65,55,1,9,'Centre'),(2325,65,56,15,7,'Left'),(2326,65,58,3,7,'Left/Centre'),(2327,65,314,5,7,'Centre/Right'),(2328,65,59,11,7,'Right'),(2329,65,61,6,1,'Left/Centre'),(2330,65,68,21,1,'Centre/Right'),(2331,65,62,23,5,'Left'),(2332,65,64,7,5,'Centre'),(2333,65,70,10,5,'Right'),(2334,65,65,9,6,'Centre'),(2335,65,316,14,2,''),(2336,65,66,25,2,''),(2337,65,313,2,2,''),(2338,65,69,24,2,''),(2339,65,57,20,2,''),(2340,65,71,19,2,''),(2341,65,72,18,2,''),(2342,66,55,1,9,'Centre'),(2343,66,313,2,7,'Left'),(2344,66,58,3,7,'Left/Centre'),(2345,66,314,5,7,'Centre/Right'),(2346,66,315,27,7,'Right'),(2347,66,60,16,1,'Left/Centre'),(2348,66,61,6,1,'Centre/Right'),(2349,66,56,15,5,'Left'),(2350,66,63,8,5,'Centre'),(2351,66,503,31,5,'Right'),(2352,66,65,9,6,'Centre'),(2353,66,316,14,2,''),(2354,66,66,25,2,''),(2355,66,59,11,2,''),(2356,66,64,7,2,''),(2357,66,57,20,2,''),(2358,66,71,19,2,''),(2359,66,72,18,2,''),(2360,66,295,1,9,'Centre'),(2361,66,468,19,7,'Left'),(2362,66,469,6,7,'Left/Centre'),(2363,66,297,37,7,'Centre/Right'),(2364,66,296,23,7,'Right'),(2365,66,300,17,4,'Left/Centre'),(2366,66,483,24,4,'Centre'),(2367,66,301,14,4,'Centre/Right'),(2368,66,303,10,6,'Left/Centre'),(2369,66,307,20,6,'Centre'),(2370,66,305,8,6,'Centre/Right'),(2371,66,306,3,2,''),(2372,66,302,29,2,''),(2373,66,504,31,2,''),(2374,66,308,30,2,''),(2375,66,304,9,2,''),(2376,66,299,13,2,''),(2377,66,311,36,2,''),(2378,67,384,12,9,'Centre'),(2379,67,388,7,7,'Left'),(2380,67,372,6,7,'Left/Centre'),(2381,67,373,15,7,'Centre/Right'),(2382,67,374,23,7,'Right'),(2383,67,375,22,1,'Centre'),(2384,67,381,20,4,'Left'),(2385,67,371,14,4,'Left/Centre'),(2386,67,382,8,4,'Centre/Right'),(2387,67,379,11,4,'Right'),(2388,67,380,9,6,'Centre'),(2389,67,370,1,2,''),(2390,67,390,18,2,''),(2391,67,378,26,2,''),(2392,67,389,5,2,''),(2393,67,376,24,2,''),(2394,67,386,2,2,''),(2395,67,387,19,2,''),(2396,67,137,1,9,'Centre'),(2397,67,110,33,7,'Left'),(2398,67,111,13,7,'Left/Centre'),(2399,67,138,16,7,'Centre/Right'),(2400,67,113,5,7,'Right'),(2401,67,115,17,1,'Left/Centre'),(2402,67,140,15,1,'Centre/Right'),(2403,67,139,8,5,'Left'),(2404,67,118,7,5,'Centre'),(2405,67,121,10,5,'Right'),(2406,67,126,9,6,'Centre'),(2407,67,120,24,2,''),(2408,67,109,12,2,''),(2409,67,116,23,2,''),(2410,67,502,2,2,''),(2411,67,119,28,2,''),(2412,67,122,19,2,''),(2413,67,112,6,2,''),(2414,68,317,17,9,'Centre'),(2415,68,278,14,7,'Left'),(2416,68,318,37,7,'Left/Centre'),(2417,68,287,16,7,'Centre/Right'),(2418,68,282,28,7,'Right'),(2419,68,283,20,4,'Left/Centre'),(2420,68,321,8,4,'Centre'),(2421,68,455,22,4,'Centre/Right'),(2422,68,320,30,6,'Left/Centre'),(2423,68,322,26,6,'Centre'),(2424,68,323,11,6,'Centre/Right'),(2425,68,275,3,2,''),(2426,68,286,24,2,''),(2427,68,280,5,2,''),(2428,68,289,13,2,''),(2429,68,291,15,2,''),(2430,68,281,35,2,''),(2431,68,324,32,2,''),(2432,68,190,1,9,'Centre'),(2433,68,416,27,7,'Left'),(2434,68,417,17,7,'Left/Centre'),(2435,68,189,22,7,'Centre/Right'),(2436,68,188,8,7,'Right'),(2437,68,418,13,4,'Left'),(2438,68,421,31,4,'Left/Centre'),(2439,68,419,5,4,'Centre/Right'),(2440,68,420,10,4,'Right'),(2441,68,181,11,6,'Left/Centre'),(2442,68,185,23,6,'Centre/Right'),(2443,68,186,7,2,''),(2444,68,184,28,2,''),(2445,68,176,25,2,''),(2446,68,505,32,2,''),(2447,68,492,6,2,''),(2448,68,192,16,2,''),(2449,68,450,19,2,''),(2450,69,213,1,9,'Centre'),(2451,69,214,20,7,'Left/Centre'),(2452,69,226,29,7,'Centre'),(2453,69,216,23,7,'Centre/Right'),(2454,69,217,22,4,'Left'),(2455,69,218,10,4,'Left/Centre'),(2456,69,219,28,4,'Centre'),(2457,69,220,21,4,'Centre/Right'),(2458,69,221,27,4,'Right'),(2459,69,228,11,6,'Left/Centre'),(2460,69,223,17,6,'Centre/Right'),(2461,69,271,6,2,''),(2462,69,225,25,2,''),(2463,69,222,15,2,''),(2464,69,506,26,2,''),(2465,69,227,18,2,''),(2466,69,229,30,2,''),(2467,69,230,19,2,''),(2468,69,37,13,9,'Centre'),(2469,69,38,6,7,'Left'),(2470,69,39,26,7,'Left/Centre'),(2471,69,40,3,7,'Centre/Right'),(2472,69,442,32,7,'Right'),(2473,69,45,10,4,'Left/Centre'),(2474,69,43,8,4,'Centre'),(2475,69,44,5,4,'Centre/Right'),(2476,69,292,9,6,'Left/Centre'),(2477,69,46,15,6,'Centre'),(2478,69,47,14,6,'Centre/Right'),(2479,69,50,11,2,''),(2480,69,293,27,2,''),(2481,69,51,19,2,''),(2482,69,42,20,2,''),(2483,69,52,18,2,''),(2484,69,53,17,2,''),(2485,69,54,1,2,''),(2486,70,91,13,9,'Centre'),(2487,70,92,17,7,'Left'),(2488,70,93,6,7,'Left/Centre'),(2489,70,94,3,7,'Centre/Right'),(2490,70,95,8,7,'Right'),(2491,70,457,18,1,'Left/Centre'),(2492,70,102,2,1,'Centre/Right'),(2493,70,98,7,5,'Left'),(2494,70,99,10,5,'Centre'),(2495,70,100,11,5,'Right'),(2496,70,101,22,6,'Centre'),(2497,70,347,28,2,''),(2498,70,104,14,2,''),(2499,70,456,27,2,''),(2500,70,106,9,2,''),(2501,70,107,19,2,''),(2502,70,97,20,2,''),(2503,70,108,16,2,''),(2504,70,384,12,9,'Centre'),(2505,70,388,7,7,'Left'),(2506,70,389,5,7,'Left/Centre'),(2507,70,375,22,7,'Centre/Right'),(2508,70,374,23,7,'Right'),(2509,70,371,14,4,'Left/Centre'),(2510,70,376,24,4,'Centre'),(2511,70,382,8,4,'Centre/Right'),(2512,70,381,20,6,'Left/Centre'),(2513,70,380,9,6,'Centre'),(2514,70,379,11,6,'Centre/Right'),(2515,70,377,10,2,''),(2516,70,370,1,2,''),(2517,70,390,18,2,''),(2518,70,410,21,2,''),(2519,70,378,26,2,''),(2520,70,430,13,2,''),(2521,70,386,2,2,''),(2522,71,176,25,9,'Centre'),(2523,71,178,4,7,'Left'),(2524,71,179,3,7,'Left/Centre'),(2525,71,189,22,7,'Centre/Right'),(2526,71,193,20,7,'Right'),(2527,71,419,5,1,'Centre'),(2528,71,181,11,4,'Left'),(2529,71,182,24,4,'Right'),(2530,71,418,13,5,'Centre'),(2531,71,187,9,6,'Left/Centre'),(2532,71,185,23,6,'Centre/Right'),(2533,71,183,29,2,''),(2534,71,416,27,2,''),(2535,71,186,7,2,''),(2536,71,188,8,2,''),(2537,71,177,14,2,''),(2538,71,190,1,2,''),(2539,71,180,15,2,''),(2540,71,384,12,9,'Centre'),(2541,71,388,7,7,'Left'),(2542,71,372,6,7,'Left/Centre'),(2543,71,373,15,7,'Centre/Right'),(2544,71,374,23,7,'Right'),(2545,71,375,22,1,'Centre'),(2546,71,379,11,4,'Left'),(2547,71,371,14,4,'Left/Centre'),(2548,71,382,8,4,'Centre/Right'),(2549,71,381,20,4,'Right'),(2550,71,380,9,6,'Centre'),(2551,71,370,1,2,''),(2552,71,429,4,2,''),(2553,71,390,18,2,''),(2554,71,378,26,2,''),(2555,71,376,24,2,''),(2556,71,386,2,2,''),(2557,71,387,19,2,''),(2558,72,1,22,9,'Centre'),(2559,72,2,13,7,'Left'),(2560,72,127,4,7,'Left/Centre'),(2561,72,4,23,7,'Centre/Right'),(2562,72,128,11,7,'Right'),(2563,72,129,3,1,'Left/Centre'),(2564,72,7,5,1,'Centre/Right'),(2565,72,10,21,5,'Left'),(2566,72,9,8,5,'Centre'),(2567,72,8,10,5,'Right'),(2568,72,11,9,6,'Centre'),(2569,72,12,17,2,''),(2570,72,172,18,2,''),(2571,72,13,1,2,''),(2572,72,14,24,2,''),(2573,72,130,27,2,''),(2574,72,131,30,2,''),(2575,72,16,16,2,''),(2576,72,55,1,9,'Centre'),(2577,72,313,2,7,'Left'),(2578,72,58,3,7,'Left/Centre'),(2579,72,314,5,7,'Centre/Right'),(2580,72,315,27,7,'Right'),(2581,72,60,16,1,'Left/Centre'),(2582,72,61,6,1,'Centre/Right'),(2583,72,56,15,5,'Left'),(2584,72,63,8,5,'Centre'),(2585,72,503,31,5,'Right'),(2586,72,65,9,6,'Centre'),(2587,72,316,14,2,''),(2588,72,66,25,2,''),(2589,72,64,7,2,''),(2590,72,477,17,2,''),(2591,72,57,20,2,''),(2592,72,71,19,2,''),(2593,72,72,18,2,''),(2594,73,1,22,9,'Centre'),(2595,73,172,18,7,'Left'),(2596,73,127,4,7,'Left/Centre'),(2597,73,3,2,7,'Centre/Right'),(2598,73,128,11,7,'Right'),(2599,73,2,13,4,'Left/Centre'),(2600,73,129,3,4,'Centre'),(2601,73,6,6,4,'Centre/Right'),(2602,73,10,21,6,'Left/Centre'),(2603,73,16,16,6,'Centre'),(2604,73,8,10,6,'Centre/Right'),(2605,73,170,7,2,''),(2606,73,13,1,2,''),(2607,73,14,24,2,''),(2608,73,169,17,2,''),(2609,73,437,20,2,''),(2610,73,7,5,2,''),(2611,73,5,14,2,''),(2612,73,91,13,9,'Centre'),(2613,73,92,17,7,'Left'),(2614,73,93,6,7,'Left/Centre'),(2615,73,422,23,7,'Centre/Right'),(2616,73,95,8,7,'Right'),(2617,73,102,2,1,'Centre'),(2618,73,98,7,4,'Left'),(2619,73,99,10,4,'Left/Centre'),(2620,73,457,18,4,'Centre/Right'),(2621,73,100,11,4,'Right'),(2622,73,106,9,6,'Centre'),(2623,73,347,28,2,''),(2624,73,507,34,2,''),(2625,73,348,15,2,''),(2626,73,104,14,2,''),(2627,73,101,22,2,''),(2628,73,97,20,2,''),(2629,73,108,16,2,''),(2630,74,208,1,9,'Centre'),(2631,74,196,7,7,'Left'),(2632,74,197,5,7,'Left/Centre'),(2633,74,407,28,7,'Centre/Right'),(2634,74,439,2,7,'Right'),(2635,74,198,26,1,'Left/Centre'),(2636,74,211,20,1,'Centre/Right'),(2637,74,204,18,5,'Left'),(2638,74,203,10,5,'Centre'),(2639,74,212,11,5,'Right'),(2640,74,448,29,6,'Centre'),(2641,74,406,32,2,''),(2642,74,207,4,2,''),(2643,74,201,8,2,''),(2644,74,200,13,2,''),(2645,74,405,31,2,''),(2646,74,440,21,2,''),(2647,74,195,22,2,''),(2648,74,176,25,9,'Centre'),(2649,74,177,15,7,'Left'),(2650,74,179,3,7,'Left/Centre'),(2651,74,189,22,7,'Centre/Right'),(2652,74,193,20,7,'Right'),(2653,74,418,13,4,'Left/Centre'),(2654,74,419,5,4,'Centre'),(2655,74,180,21,4,'Centre/Right'),(2656,74,186,7,6,'Left/Centre'),(2657,74,187,9,6,'Centre'),(2658,74,184,28,6,'Centre/Right'),(2659,74,416,27,2,''),(2660,74,188,8,2,''),(2661,74,417,17,2,''),(2662,74,190,1,2,''),(2663,74,505,32,2,''),(2664,74,192,16,2,''),(2665,74,185,23,2,''),(2666,75,1,22,9,'Centre'),(2667,75,2,13,7,'Left'),(2668,75,127,4,7,'Left/Centre'),(2669,75,3,2,7,'Centre/Right'),(2670,75,128,11,7,'Right'),(2671,75,435,15,4,'Left'),(2672,75,6,6,4,'Left/Centre'),(2673,75,9,8,4,'Centre/Right'),(2674,75,8,10,4,'Right'),(2675,75,10,21,6,'Left/Centre'),(2676,75,16,16,6,'Centre/Right'),(2677,75,436,9,2,''),(2678,75,172,18,2,''),(2679,75,170,7,2,''),(2680,75,13,1,2,''),(2681,75,169,17,2,''),(2682,75,5,14,2,''),(2683,75,129,3,2,''),(2684,75,329,1,9,'Centre'),(2685,75,391,28,7,'Left'),(2686,75,330,2,7,'Left/Centre'),(2687,75,331,17,7,'Centre/Right'),(2688,75,336,6,7,'Right'),(2689,75,337,8,4,'Left/Centre'),(2690,75,334,11,4,'Centre'),(2691,75,335,5,4,'Centre/Right'),(2692,75,344,15,6,'Left/Centre'),(2693,75,345,19,6,'Centre'),(2694,75,447,10,6,'Centre/Right'),(2695,75,333,4,2,''),(2696,75,442,20,2,''),(2697,75,395,31,2,''),(2698,75,392,14,2,''),(2699,75,346,22,2,''),(2700,75,394,7,2,''),(2701,75,338,9,2,''),(2702,76,295,1,9,'Centre'),(2703,76,468,19,7,'Left'),(2704,76,469,6,7,'Left/Centre'),(2705,76,486,28,7,'Centre/Right'),(2706,76,482,16,7,'Right'),(2707,76,483,24,1,'Left/Centre'),(2708,76,310,27,1,'Centre/Right'),(2709,76,470,15,5,'Left'),(2710,76,303,10,5,'Centre'),(2711,76,484,11,5,'Right'),(2712,76,307,20,6,'Centre'),(2713,76,306,3,2,''),(2714,76,302,21,2,''),(2715,76,301,14,2,''),(2716,76,304,9,2,''),(2717,76,309,12,2,''),(2718,76,300,17,2,''),(2719,76,296,23,2,''),(2720,76,73,1,9,'Centre'),(2721,76,74,24,7,'Left'),(2722,76,75,5,7,'Left/Centre'),(2723,76,76,13,7,'Centre/Right'),(2724,76,368,19,7,'Right'),(2725,76,78,11,4,'Left/Centre'),(2726,76,79,8,4,'Centre'),(2727,76,166,14,4,'Centre/Right'),(2728,76,80,10,6,'Left/Centre'),(2729,76,83,9,6,'Centre'),(2730,76,82,15,6,'Centre/Right'),(2731,76,84,7,2,''),(2732,76,81,18,2,''),(2733,76,86,16,2,''),(2734,76,87,26,2,''),(2735,76,88,21,2,''),(2736,76,89,17,2,''),(2737,76,90,30,2,''),(2738,77,317,17,9,'Centre'),(2739,77,286,24,7,'Left/Centre'),(2740,77,319,6,7,'Centre'),(2741,77,277,2,7,'Centre/Right'),(2742,77,278,14,4,'Left'),(2743,77,280,5,4,'Left/Centre'),(2744,77,324,32,4,'Centre/Right'),(2745,77,495,7,4,'Right'),(2746,77,283,20,5,'Centre'),(2747,77,323,11,6,'Left/Centre'),(2748,77,322,26,6,'Centre/Right'),(2749,77,282,28,2,''),(2750,77,287,16,2,''),(2751,77,321,8,2,''),(2752,77,288,34,2,''),(2753,77,290,25,2,''),(2754,77,320,30,2,''),(2755,77,91,13,9,'Centre'),(2756,77,92,17,7,'Left'),(2757,77,93,6,7,'Left/Centre'),(2758,77,105,4,7,'Centre/Right'),(2759,77,456,27,7,'Right'),(2760,77,102,2,1,'Left/Centre'),(2761,77,457,18,1,'Centre/Right'),(2762,77,98,7,5,'Left'),(2763,77,99,10,5,'Centre'),(2764,77,100,11,5,'Right'),(2765,77,101,22,6,'Centre'),(2766,77,347,28,2,''),(2767,77,103,30,2,''),(2768,77,104,14,2,''),(2769,77,106,9,2,''),(2770,77,107,19,2,''),(2771,77,97,20,2,''),(2772,77,108,16,2,''),(2773,78,37,13,9,'Centre'),(2774,78,38,6,7,'Left'),(2775,78,39,26,7,'Left/Centre'),(2776,78,438,4,7,'Centre/Right'),(2777,78,53,17,7,'Right'),(2778,78,45,10,4,'Left/Centre'),(2779,78,43,8,4,'Centre'),(2780,78,44,5,4,'Centre/Right'),(2781,78,50,11,6,'Left/Centre'),(2782,78,46,15,6,'Centre'),(2783,78,47,14,6,'Centre/Right'),(2784,78,292,9,2,''),(2785,78,293,27,2,''),(2786,78,51,19,2,''),(2787,78,52,18,2,''),(2788,78,54,1,2,''),(2789,78,476,28,2,''),(2790,78,444,22,2,''),(2791,78,349,12,9,'Centre'),(2792,78,350,8,7,'Left'),(2793,78,351,24,7,'Left/Centre'),(2794,78,460,19,7,'Centre/Right'),(2795,78,364,31,7,'Right'),(2796,78,397,18,4,'Left'),(2797,78,354,21,4,'Left/Centre'),(2798,78,356,5,4,'Centre/Right'),(2799,78,360,7,4,'Right'),(2800,78,353,29,6,'Left/Centre'),(2801,78,357,11,6,'Centre/Right'),(2802,78,361,1,2,''),(2803,78,464,13,2,''),(2804,78,399,17,2,''),(2805,78,362,10,2,''),(2806,78,365,28,2,''),(2807,78,465,6,2,''),(2808,78,366,14,2,''),(2809,79,349,12,9,'Centre'),(2810,79,350,8,7,'Left/Centre'),(2811,79,363,3,7,'Centre'),(2812,79,397,18,7,'Centre/Right'),(2813,79,362,10,4,'Left'),(2814,79,355,22,4,'Left/Centre'),(2815,79,356,5,4,'Centre/Right'),(2816,79,360,7,4,'Right'),(2817,79,353,29,6,'Left/Centre'),(2818,79,398,9,6,'Centre'),(2819,79,366,14,6,'Centre/Right'),(2820,79,357,11,2,''),(2821,79,361,1,2,''),(2822,79,399,17,2,''),(2823,79,364,31,2,''),(2824,79,358,23,2,''),(2825,79,359,15,2,''),(2826,79,465,6,2,''),(2827,79,213,1,9,'Centre'),(2828,79,267,3,7,'Left'),(2829,79,214,20,7,'Left/Centre'),(2830,79,226,29,7,'Centre/Right'),(2831,79,217,22,7,'Right'),(2832,79,219,28,1,'Left/Centre'),(2833,79,220,21,1,'Centre/Right'),(2834,79,227,18,5,'Left'),(2835,79,218,10,5,'Centre'),(2836,79,223,17,5,'Right'),(2837,79,489,9,6,'Centre'),(2838,79,48,24,2,''),(2839,79,221,27,2,''),(2840,79,271,6,2,''),(2841,79,225,25,2,''),(2842,79,228,11,2,''),(2843,79,229,30,2,''),(2844,79,230,19,2,''),(2845,80,349,12,9,'Centre'),(2846,80,351,24,7,'Left/Centre'),(2847,80,460,19,7,'Centre'),(2848,80,352,27,7,'Centre/Right'),(2849,80,357,11,4,'Left'),(2850,80,354,21,4,'Left/Centre'),(2851,80,355,22,4,'Centre'),(2852,80,356,5,4,'Centre/Right'),(2853,80,360,7,4,'Right'),(2854,80,359,15,6,'Left/Centre'),(2855,80,358,9,6,'Centre/Right'),(2856,80,361,1,2,''),(2857,80,362,10,2,''),(2858,80,363,3,2,''),(2859,80,364,31,2,''),(2860,80,365,28,2,''),(2861,80,353,29,2,''),(2862,80,479,16,2,''),(2863,80,73,1,9,'Centre'),(2864,80,74,24,7,'Left'),(2865,80,75,5,7,'Left/Centre'),(2866,80,76,13,7,'Centre/Right'),(2867,80,368,19,7,'Right'),(2868,80,78,11,1,'Left/Centre'),(2869,80,79,8,1,'Centre/Right'),(2870,80,80,10,5,'Left'),(2871,80,81,18,5,'Centre'),(2872,80,82,15,5,'Right'),(2873,80,83,9,6,'Centre'),(2874,80,84,7,2,''),(2875,80,508,22,2,''),(2876,80,85,23,2,''),(2877,80,77,29,2,''),(2878,80,86,16,2,''),(2879,80,87,26,2,''),(2880,80,167,12,2,''),(2881,81,317,17,9,'Centre'),(2882,81,286,24,7,'Left/Centre'),(2883,81,275,3,7,'Centre'),(2884,81,277,2,7,'Centre/Right'),(2885,81,278,14,4,'Left'),(2886,81,279,33,4,'Left/Centre'),(2887,81,280,5,4,'Centre'),(2888,81,283,20,4,'Centre/Right'),(2889,81,495,7,4,'Right'),(2890,81,284,21,6,'Left/Centre'),(2891,81,291,15,6,'Centre/Right'),(2892,81,282,28,2,''),(2893,81,285,19,2,''),(2894,81,455,22,2,''),(2895,81,289,13,2,''),(2896,81,509,9,2,''),(2897,81,290,25,2,''),(2898,81,320,30,2,''),(2899,81,195,22,9,'Centre'),(2900,81,196,7,7,'Left'),(2901,81,197,5,7,'Left/Centre'),(2902,81,198,26,7,'Centre/Right'),(2903,81,439,2,7,'Right'),(2904,81,404,27,1,'Left/Centre'),(2905,81,200,13,1,'Centre/Right'),(2906,81,212,11,5,'Left'),(2907,81,203,10,5,'Centre'),(2908,81,204,18,5,'Right'),(2909,81,209,9,6,'Centre'),(2910,81,407,28,2,''),(2911,81,208,1,2,''),(2912,81,201,8,2,''),(2913,81,210,24,2,''),(2914,81,211,20,2,''),(2915,81,403,15,2,''),(2916,81,205,14,2,''),(2917,82,349,12,9,'Centre'),(2918,82,350,8,7,'Left'),(2919,82,351,24,7,'Left/Centre'),(2920,82,460,19,7,'Centre/Right'),(2921,82,397,18,7,'Right'),(2922,82,354,21,1,'Left/Centre'),(2923,82,356,5,1,'Centre/Right'),(2924,82,353,29,5,'Left'),(2925,82,359,15,5,'Centre'),(2926,82,357,11,5,'Right'),(2927,82,366,14,6,'Centre'),(2928,82,360,7,2,''),(2929,82,361,1,2,''),(2930,82,399,17,2,''),(2931,82,363,3,2,''),(2932,82,481,30,2,''),(2933,82,355,22,2,''),(2934,82,465,6,2,''),(2935,82,370,1,9,'Centre'),(2936,82,388,7,7,'Left'),(2937,82,372,6,7,'Left/Centre'),(2938,82,373,15,7,'Centre/Right'),(2939,82,386,2,7,'Right'),(2940,82,371,14,4,'Left/Centre'),(2941,82,382,8,4,'Centre'),(2942,82,376,24,4,'Centre/Right'),(2943,82,377,10,6,'Left/Centre'),(2944,82,378,26,6,'Centre'),(2945,82,383,17,6,'Centre/Right'),(2946,82,381,20,2,''),(2947,82,380,9,2,''),(2948,82,390,18,2,''),(2949,82,384,12,2,''),(2950,82,374,23,2,''),(2951,82,385,27,2,''),(2952,82,387,19,2,''),(2953,83,361,1,9,'Centre'),(2954,83,350,8,7,'Left/Centre'),(2955,83,351,24,7,'Centre'),(2956,83,363,3,7,'Centre/Right'),(2957,83,354,21,4,'Left'),(2958,83,355,22,4,'Left/Centre'),(2959,83,356,5,4,'Centre/Right'),(2960,83,360,7,4,'Right'),(2961,83,353,29,6,'Left/Centre'),(2962,83,398,9,6,'Centre'),(2963,83,366,14,6,'Centre/Right'),(2964,83,357,11,2,''),(2965,83,399,17,2,''),(2966,83,362,10,2,''),(2967,83,510,25,2,''),(2968,83,359,15,2,''),(2969,83,397,18,2,''),(2970,83,352,27,2,''),(2971,83,37,13,9,'Centre'),(2972,83,38,6,7,'Left'),(2973,83,39,26,7,'Left/Centre'),(2974,83,53,17,7,'Centre/Right'),(2975,83,41,7,7,'Right'),(2976,83,45,10,4,'Left/Centre'),(2977,83,43,8,4,'Centre'),(2978,83,44,5,4,'Centre/Right'),(2979,83,50,11,6,'Left/Centre'),(2980,83,292,9,6,'Centre'),(2981,83,46,30,6,'Centre/Right'),(2982,83,442,22,2,''),(2983,83,51,19,2,''),(2984,83,52,18,2,''),(2985,83,47,14,2,''),(2986,83,54,1,2,''),(2987,83,443,25,2,''),(2988,83,444,16,2,''),(2989,84,195,22,9,'Centre'),(2990,84,196,7,7,'Left'),(2991,84,197,5,7,'Left/Centre'),(2992,84,207,4,7,'Centre/Right'),(2993,84,404,27,7,'Right'),(2994,84,211,20,4,'Left/Centre'),(2995,84,198,26,4,'Centre'),(2996,84,203,10,4,'Centre/Right'),(2997,84,204,18,6,'Left/Centre'),(2998,84,205,14,6,'Centre'),(2999,84,202,6,6,'Centre/Right'),(3000,84,406,32,2,''),(3001,84,407,28,2,''),(3002,84,208,1,2,''),(3003,84,212,11,2,''),(3004,84,448,29,2,''),(3005,84,403,15,2,''),(3006,84,474,17,2,''),(3007,84,349,12,9,'Centre'),(3008,84,350,8,7,'Left'),(3009,84,351,24,7,'Left/Centre'),(3010,84,363,3,7,'Centre/Right'),(3011,84,360,7,7,'Right'),(3012,84,465,6,4,'Left'),(3013,84,356,5,4,'Left/Centre'),(3014,84,397,18,4,'Centre/Right'),(3015,84,357,11,4,'Right'),(3016,84,353,29,6,'Left/Centre'),(3017,84,366,14,6,'Centre/Right'),(3018,84,361,1,2,''),(3019,84,399,17,2,''),(3020,84,481,30,2,''),(3021,84,365,28,2,''),(3022,84,359,15,2,''),(3023,84,355,22,2,''),(3024,84,479,16,2,''),(3025,85,295,1,9,'Centre'),(3026,85,468,19,7,'Left'),(3027,85,297,37,7,'Left/Centre'),(3028,85,298,5,7,'Centre/Right'),(3029,85,486,28,7,'Right'),(3030,85,300,17,4,'Left/Centre'),(3031,85,483,24,4,'Centre'),(3032,85,306,3,4,'Centre/Right'),(3033,85,470,15,6,'Left/Centre'),(3034,85,490,7,6,'Centre'),(3035,85,305,8,6,'Centre/Right'),(3036,85,302,29,2,''),(3037,85,301,14,2,''),(3038,85,511,35,2,''),(3039,85,304,9,2,''),(3040,85,309,12,2,''),(3041,85,299,13,2,''),(3042,85,303,10,2,''),(3043,85,19,1,9,'Centre'),(3044,85,27,28,7,'Left'),(3045,85,21,5,7,'Left/Centre'),(3046,85,132,3,7,'Centre/Right'),(3047,85,23,7,7,'Right'),(3048,85,33,11,4,'Left/Centre'),(3049,85,24,21,4,'Centre'),(3050,85,25,10,4,'Centre/Right'),(3051,85,173,22,6,'Left/Centre'),(3052,85,29,9,6,'Centre'),(3053,85,28,18,6,'Centre/Right'),(3054,85,30,32,2,''),(3055,85,174,26,2,''),(3056,85,32,17,2,''),(3057,85,512,13,2,''),(3058,85,135,20,2,''),(3059,85,35,19,2,''),(3060,85,36,6,2,''),(3061,86,176,25,9,'Centre'),(3062,86,189,22,7,'Left'),(3063,86,417,17,7,'Left/Centre'),(3064,86,179,3,7,'Centre/Right'),(3065,86,193,20,7,'Right'),(3066,86,418,13,4,'Left/Centre'),(3067,86,419,5,4,'Centre'),(3068,86,420,10,4,'Centre/Right'),(3069,86,181,11,6,'Left/Centre'),(3070,86,187,9,6,'Centre'),(3071,86,186,7,6,'Centre/Right'),(3072,86,184,28,2,''),(3073,86,188,8,2,''),(3074,86,421,31,2,''),(3075,86,190,1,2,''),(3076,86,505,32,2,''),(3077,86,180,21,2,''),(3078,86,185,23,2,''),(3079,86,143,25,9,'Centre'),(3080,86,144,28,7,'Left'),(3081,86,146,26,7,'Left/Centre'),(3082,86,145,13,7,'Centre/Right'),(3083,86,150,20,7,'Right'),(3084,86,149,6,4,'Left/Centre'),(3085,86,400,21,4,'Centre'),(3086,86,148,2,4,'Centre/Right'),(3087,86,152,10,6,'Left/Centre'),(3088,86,326,9,6,'Centre'),(3089,86,158,29,6,'Centre/Right'),(3090,86,153,7,2,''),(3091,86,154,8,2,''),(3092,86,513,15,2,''),(3093,86,155,18,2,''),(3094,86,151,23,2,''),(3095,86,159,30,2,''),(3096,86,160,22,2,''),(3097,87,329,1,9,'Centre'),(3098,87,330,2,7,'Left/Centre'),(3099,87,331,17,7,'Centre'),(3100,87,332,3,7,'Centre/Right'),(3101,87,333,4,4,'Left'),(3102,87,334,11,4,'Left/Centre'),(3103,87,335,5,4,'Centre/Right'),(3104,87,336,6,4,'Right'),(3105,87,337,8,5,'Centre'),(3106,87,339,16,6,'Left/Centre'),(3107,87,338,9,6,'Centre/Right'),(3108,87,340,18,2,''),(3109,87,341,25,2,''),(3110,87,343,23,2,''),(3111,87,447,10,2,''),(3112,87,392,14,2,''),(3113,87,344,15,2,''),(3114,87,346,22,2,''),(3115,87,213,1,9,'Centre'),(3116,87,214,20,7,'Left'),(3117,87,267,3,7,'Left/Centre'),(3118,87,226,29,7,'Centre/Right'),(3119,87,216,23,7,'Right'),(3120,87,271,6,4,'Left/Centre'),(3121,87,219,28,4,'Centre'),(3122,87,269,24,4,'Centre/Right'),(3123,87,270,14,6,'Left/Centre'),(3124,87,222,15,6,'Centre'),(3125,87,223,17,6,'Centre/Right'),(3126,87,218,10,2,''),(3127,87,224,7,2,''),(3128,87,220,21,2,''),(3129,87,225,25,2,''),(3130,87,227,18,2,''),(3131,87,217,22,2,''),(3132,87,228,11,2,''),(3133,88,295,1,9,'Centre'),(3134,88,296,23,7,'Left'),(3135,88,469,6,7,'Left/Centre'),(3136,88,299,2,7,'Centre/Right'),(3137,88,482,16,7,'Right'),(3138,88,300,17,4,'Left/Centre'),(3139,88,483,24,4,'Centre'),(3140,88,310,27,4,'Centre/Right'),(3141,88,305,8,6,'Left/Centre'),(3142,88,490,7,6,'Centre'),(3143,88,484,11,6,'Centre/Right'),(3144,88,485,32,2,''),(3145,88,307,20,2,''),(3146,88,302,29,2,''),(3147,88,514,35,2,''),(3148,88,511,13,2,''),(3149,88,309,12,2,''),(3150,88,472,22,2,''),(3151,88,37,13,9,'Centre'),(3152,88,38,6,7,'Left'),(3153,88,39,26,7,'Left/Centre'),(3154,88,53,17,7,'Centre/Right'),(3155,88,42,20,4,'Left/Centre'),(3156,88,43,8,4,'Centre'),(3157,88,44,5,4,'Centre/Right'),(3158,88,45,10,6,'Left/Centre'),(3159,88,46,15,6,'Centre'),(3160,88,47,14,6,'Centre/Right'),(3161,88,442,32,3,''),(3162,88,292,9,2,''),(3163,88,50,11,2,''),(3164,88,293,27,2,''),(3165,88,51,19,2,''),(3166,88,52,18,2,''),(3167,88,54,1,2,''),(3168,88,443,25,2,''),(3169,89,137,1,9,'Centre'),(3170,89,110,33,7,'Left'),(3171,89,111,13,7,'Left/Centre'),(3172,89,138,16,7,'Centre/Right'),(3173,89,125,32,7,'Right'),(3174,89,115,17,4,'Left/Centre'),(3175,89,139,8,4,'Centre'),(3176,89,140,15,4,'Centre/Right'),(3177,89,118,7,6,'Left/Centre'),(3178,89,126,9,6,'Centre'),(3179,89,120,24,6,'Centre/Right'),(3180,89,113,5,2,''),(3181,89,121,10,2,''),(3182,89,114,14,2,''),(3183,89,119,28,2,''),(3184,89,122,19,2,''),(3185,89,124,30,2,''),(3186,89,112,6,2,''),(3187,89,143,25,9,'Centre'),(3188,89,144,28,7,'Left'),(3189,89,146,26,7,'Left/Centre'),(3190,89,145,13,7,'Centre/Right'),(3191,89,147,4,7,'Right'),(3192,89,148,2,1,'Centre'),(3193,89,149,6,4,'Left'),(3194,89,150,20,4,'Right'),(3195,89,151,23,5,'Centre'),(3196,89,152,10,6,'Left/Centre'),(3197,89,153,7,6,'Centre/Right'),(3198,89,154,8,2,''),(3199,89,155,18,2,''),(3200,89,326,9,2,''),(3201,89,157,19,2,''),(3202,89,158,29,2,''),(3203,89,159,30,2,''),(3204,89,160,22,2,''),(3205,90,426,18,9,'Centre'),(3206,90,177,15,7,'Left'),(3207,90,180,21,7,'Left/Centre'),(3208,90,179,3,7,'Centre/Right'),(3209,90,188,8,7,'Right'),(3210,90,418,13,1,'Left/Centre'),(3211,90,419,5,1,'Centre/Right'),(3212,90,181,11,5,'Left'),(3213,90,427,14,5,'Centre'),(3214,90,184,28,5,'Right'),(3215,90,420,10,6,'Centre'),(3216,90,187,9,2,''),(3217,90,186,7,2,''),(3218,90,176,25,2,''),(3219,90,428,33,2,''),(3220,90,193,20,2,''),(3221,90,185,23,2,''),(3222,90,515,4,2,''),(3223,90,329,1,9,'Centre'),(3224,90,391,28,7,'Left/Centre'),(3225,90,330,2,7,'Centre'),(3226,90,331,17,7,'Centre/Right'),(3227,90,333,4,4,'Left'),(3228,90,334,11,4,'Left/Centre'),(3229,90,392,14,4,'Centre/Right'),(3230,90,336,6,4,'Right'),(3231,90,337,8,5,'Centre'),(3232,90,338,9,6,'Left/Centre'),(3233,90,447,10,6,'Centre/Right'),(3234,90,340,18,2,''),(3235,90,446,20,2,''),(3236,90,393,24,2,''),(3237,90,332,3,2,''),(3238,90,343,23,2,''),(3239,90,345,19,2,''),(3240,90,346,22,2,''),(3241,91,426,18,9,'Centre'),(3242,91,177,15,7,'Left'),(3243,91,179,3,7,'Left/Centre'),(3244,91,417,17,7,'Centre/Right'),(3245,91,193,20,7,'Right'),(3246,91,419,5,1,'Left/Centre'),(3247,91,418,13,1,'Centre/Right'),(3248,91,181,11,5,'Left'),(3249,91,427,14,5,'Centre'),(3250,91,187,9,5,'Right'),(3251,91,420,10,6,'Centre'),(3252,91,416,27,2,''),(3253,91,186,7,2,''),(3254,91,184,28,2,''),(3255,91,176,25,2,''),(3256,91,428,33,2,''),(3257,91,180,21,2,''),(3258,91,185,23,2,''),(3259,91,309,12,9,'Centre'),(3260,91,482,16,7,'Left'),(3261,91,469,6,7,'Left/Centre'),(3262,91,297,37,7,'Centre/Right'),(3263,91,486,28,7,'Right'),(3264,91,300,17,4,'Left/Centre'),(3265,91,483,24,4,'Centre'),(3266,91,310,27,4,'Centre/Right'),(3267,91,303,10,6,'Left/Centre'),(3268,91,304,9,6,'Centre'),(3269,91,305,8,6,'Centre/Right'),(3270,91,306,3,2,''),(3271,91,298,5,2,''),(3272,91,302,29,2,''),(3273,91,468,19,2,''),(3274,91,504,31,2,''),(3275,91,470,15,2,''),(3276,91,490,7,2,''),(3277,92,190,1,9,'Centre'),(3278,92,177,15,7,'Left'),(3279,92,179,3,7,'Left/Centre'),(3280,92,189,22,7,'Centre/Right'),(3281,92,193,20,7,'Right'),(3282,92,181,11,1,'Left'),(3283,92,419,5,1,'Centre'),(3284,92,418,13,1,'Right'),(3285,92,420,10,5,'Centre'),(3286,92,185,23,6,'Left/Centre'),(3287,92,187,9,6,'Centre/Right'),(3288,92,416,27,2,''),(3289,92,186,7,2,''),(3290,92,184,28,2,''),(3291,92,188,8,2,''),(3292,92,421,31,2,''),(3293,92,516,12,2,''),(3294,92,191,30,2,''),(3295,92,73,1,9,'Centre'),(3296,92,85,23,7,'Left'),(3297,92,75,5,7,'Left/Centre'),(3298,92,84,7,7,'Centre/Right'),(3299,92,368,19,7,'Right'),(3300,92,78,11,1,'Left/Centre'),(3301,92,79,8,1,'Centre/Right'),(3302,92,80,10,5,'Left'),(3303,92,81,18,5,'Centre'),(3304,92,82,15,5,'Right'),(3305,92,83,9,6,'Centre'),(3306,92,369,27,2,''),(3307,92,165,2,2,''),(3308,92,77,29,2,''),(3309,92,86,16,2,''),(3310,92,74,24,2,''),(3311,92,167,12,2,''),(3312,92,90,30,2,''),(3313,93,329,1,9,'Centre'),(3314,93,391,28,7,'Left/Centre'),(3315,93,330,2,7,'Centre'),(3316,93,331,17,7,'Centre/Right'),(3317,93,333,4,4,'Left'),(3318,93,334,11,4,'Left/Centre'),(3319,93,392,14,4,'Centre/Right'),(3320,93,336,6,4,'Right'),(3321,93,337,8,5,'Centre'),(3322,93,338,9,6,'Left/Centre'),(3323,93,447,10,6,'Centre/Right'),(3324,93,446,20,2,''),(3325,93,393,24,2,''),(3326,93,395,31,2,''),(3327,93,332,3,2,''),(3328,93,343,23,2,''),(3329,93,345,19,2,''),(3330,93,346,22,2,''),(3331,93,143,25,9,'Centre'),(3332,93,144,28,7,'Left'),(3333,93,146,26,7,'Left/Centre'),(3334,93,145,13,7,'Centre/Right'),(3335,93,147,4,7,'Right'),(3336,93,400,21,1,'Centre'),(3337,93,155,18,4,'Left'),(3338,93,150,20,4,'Right'),(3339,93,152,10,5,'Centre'),(3340,93,328,11,6,'Left/Centre'),(3341,93,441,16,6,'Centre/Right'),(3342,93,154,8,2,''),(3343,93,149,6,2,''),(3344,93,401,17,2,''),(3345,93,148,2,2,''),(3346,93,158,29,2,''),(3347,93,159,30,2,''),(3348,93,160,22,2,''),(3349,94,309,12,9,'Centre'),(3350,94,468,19,7,'Left'),(3351,94,298,5,7,'Left/Centre'),(3352,94,486,28,7,'Centre/Right'),(3353,94,482,16,7,'Right'),(3354,94,302,29,1,'Left/Centre'),(3355,94,472,22,1,'Centre/Right'),(3356,94,470,15,5,'Left'),(3357,94,301,14,5,'Centre'),(3358,94,305,8,5,'Right'),(3359,94,307,20,6,'Centre'),(3360,94,484,11,2,''),(3361,94,295,1,2,''),(3362,94,483,24,2,''),(3363,94,469,6,2,''),(3364,94,304,9,2,''),(3365,94,310,27,2,''),(3366,94,300,17,2,''),(3367,94,296,23,2,''),(3368,94,91,13,9,'Centre'),(3369,94,92,17,7,'Left'),(3370,94,93,6,7,'Left/Centre'),(3371,94,105,4,7,'Centre/Right'),(3372,94,456,27,7,'Right'),(3373,94,102,2,1,'Left/Centre'),(3374,94,457,18,1,'Centre/Right'),(3375,94,98,7,5,'Left'),(3376,94,99,10,5,'Centre'),(3377,94,100,11,5,'Right'),(3378,94,101,22,6,'Centre'),(3379,94,347,28,2,''),(3380,94,104,14,2,''),(3381,94,106,9,2,''),(3382,94,107,19,2,''),(3383,94,97,20,2,''),(3384,94,422,23,2,''),(3385,94,108,16,2,''),(3386,95,195,22,9,'Centre'),(3387,95,196,7,7,'Left'),(3388,95,197,5,7,'Left/Centre'),(3389,95,207,4,7,'Centre/Right'),(3390,95,406,32,7,'Right'),(3391,95,211,20,4,'Left/Centre'),(3392,95,198,26,4,'Centre'),(3393,95,203,10,4,'Centre/Right'),(3394,95,405,31,6,'Left/Centre'),(3395,95,448,29,6,'Centre'),(3396,95,212,11,6,'Centre/Right'),(3397,95,208,1,2,''),(3398,95,439,2,2,''),(3399,95,201,8,2,''),(3400,95,517,19,2,''),(3401,95,403,15,2,''),(3402,95,474,17,2,''),(3403,95,205,14,2,''),(3404,95,213,1,9,'Centre'),(3405,95,267,3,7,'Left/Centre'),(3406,95,215,4,7,'Centre'),(3407,95,216,23,7,'Centre/Right'),(3408,95,217,22,4,'Left'),(3409,95,220,21,4,'Left/Centre'),(3410,95,219,28,4,'Centre/Right'),(3411,95,221,27,4,'Right'),(3412,95,218,10,6,'Left/Centre'),(3413,95,227,18,6,'Centre'),(3414,95,223,17,6,'Centre/Right'),(3415,95,224,7,2,''),(3416,95,268,8,2,''),(3417,95,272,9,2,''),(3418,95,225,25,2,''),(3419,95,214,20,2,''),(3420,95,222,15,2,''),(3421,95,229,30,2,''),(3422,96,19,1,9,'Centre'),(3423,96,27,28,7,'Left'),(3424,96,132,3,7,'Left/Centre'),(3425,96,22,2,7,'Centre/Right'),(3426,96,134,4,7,'Right'),(3427,96,33,11,4,'Left/Centre'),(3428,96,24,21,4,'Centre'),(3429,96,32,17,4,'Centre/Right'),(3430,96,173,22,6,'Left/Centre'),(3431,96,29,9,6,'Centre'),(3432,96,28,18,6,'Centre/Right'),(3433,96,518,25,2,''),(3434,96,30,32,2,''),(3435,96,133,16,2,''),(3436,96,23,7,2,''),(3437,96,135,20,2,''),(3438,96,25,10,2,''),(3439,96,35,19,2,''),(3440,96,225,25,9,'Centre'),(3441,96,214,20,7,'Left/Centre'),(3442,96,226,29,7,'Centre'),(3443,96,216,23,7,'Centre/Right'),(3444,96,267,3,4,'Left'),(3445,96,219,28,4,'Left/Centre'),(3446,96,220,21,4,'Centre/Right'),(3447,96,221,27,4,'Right'),(3448,96,227,18,6,'Left/Centre'),(3449,96,228,11,6,'Centre'),(3450,96,217,22,6,'Centre/Right'),(3451,96,48,24,2,''),(3452,96,224,7,2,''),(3453,96,271,6,2,''),(3454,96,489,9,2,''),(3455,96,273,12,2,''),(3456,96,229,30,2,''),(3457,96,230,19,2,''),(3458,97,249,1,9,'Centre'),(3459,97,251,3,7,'Left'),(3460,97,262,17,7,'Left/Centre'),(3461,97,252,4,7,'Centre/Right'),(3462,97,253,6,7,'Right'),(3463,97,256,21,1,'Left'),(3464,97,257,10,1,'Centre'),(3465,97,255,13,1,'Right'),(3466,97,259,20,5,'Centre'),(3467,97,258,19,6,'Left/Centre'),(3468,97,265,9,6,'Centre/Right'),(3469,97,260,8,2,''),(3470,97,261,12,2,''),(3471,97,519,31,2,''),(3472,97,263,23,2,''),(3473,97,520,11,2,''),(3474,97,266,30,2,''),(3475,97,521,32,2,''),(3476,97,349,12,9,'Centre'),(3477,97,350,8,7,'Left'),(3478,97,351,24,7,'Left/Centre'),(3479,97,363,3,7,'Centre/Right'),(3480,97,397,18,7,'Right'),(3481,97,353,29,4,'Left'),(3482,97,354,21,4,'Left/Centre'),(3483,97,355,22,4,'Centre/Right'),(3484,97,360,7,4,'Right'),(3485,97,398,9,6,'Left/Centre'),(3486,97,366,14,6,'Centre/Right'),(3487,97,356,5,2,''),(3488,97,357,11,2,''),(3489,97,361,1,2,''),(3490,97,362,10,2,''),(3491,97,359,15,2,''),(3492,97,465,6,2,''),(3493,97,352,27,2,''),(3494,98,317,17,9,'Centre'),(3495,98,275,3,7,'Left/Centre'),(3496,98,319,6,7,'Centre'),(3497,98,287,16,7,'Centre/Right'),(3498,98,278,14,4,'Left'),(3499,98,280,5,4,'Left/Centre'),(3500,98,324,32,4,'Centre/Right'),(3501,98,495,7,4,'Right'),(3502,98,283,20,5,'Centre'),(3503,98,320,30,6,'Left/Centre'),(3504,98,322,26,6,'Centre/Right'),(3505,98,282,28,2,''),(3506,98,286,24,2,''),(3507,98,321,8,2,''),(3508,98,288,34,2,''),(3509,98,289,13,2,''),(3510,98,323,11,2,''),(3511,98,290,25,2,''),(3512,98,1,22,9,'Centre'),(3513,98,2,13,7,'Left'),(3514,98,127,4,7,'Left/Centre'),(3515,98,3,2,7,'Centre/Right'),(3516,98,128,11,7,'Right'),(3517,98,6,6,4,'Left/Centre'),(3518,98,129,3,4,'Centre'),(3519,98,9,8,4,'Centre/Right'),(3520,98,10,21,6,'Left/Centre'),(3521,98,16,16,6,'Centre'),(3522,98,8,10,6,'Centre/Right'),(3523,98,436,9,2,''),(3524,98,172,18,2,''),(3525,98,170,7,2,''),(3526,98,13,1,2,''),(3527,98,169,17,2,''),(3528,98,437,20,2,''),(3529,98,5,14,2,''),(3530,99,384,12,9,'Centre'),(3531,99,386,2,7,'Left'),(3532,99,389,5,7,'Left/Centre'),(3533,99,375,22,7,'Centre/Right'),(3534,99,374,23,7,'Right'),(3535,99,377,10,4,'Left'),(3536,99,371,14,4,'Left/Centre'),(3537,99,382,8,4,'Centre/Right'),(3538,99,381,20,4,'Right'),(3539,99,378,26,6,'Left/Centre'),(3540,99,376,24,6,'Centre/Right'),(3541,99,522,16,2,''),(3542,99,383,17,2,''),(3543,99,370,1,2,''),(3544,99,390,18,2,''),(3545,99,410,21,2,''),(3546,99,372,6,2,''),(3547,99,430,13,2,''),(3548,99,31,12,9,'Centre'),(3549,99,20,15,7,'Left'),(3550,99,132,3,7,'Left/Centre'),(3551,99,22,2,7,'Centre/Right'),(3552,99,27,28,7,'Right'),(3553,99,174,26,4,'Left/Centre'),(3554,99,24,21,4,'Centre'),(3555,99,33,11,4,'Centre/Right'),(3556,99,136,23,6,'Left/Centre'),(3557,99,135,20,6,'Centre'),(3558,99,32,17,6,'Centre/Right'),(3559,99,133,16,2,''),(3560,99,23,7,2,''),(3561,99,25,10,2,''),(3562,99,194,8,2,''),(3563,99,19,1,2,''),(3564,99,21,5,2,''),(3565,99,36,6,2,''),(3566,100,31,12,9,'Centre'),(3567,100,36,6,7,'Left'),(3568,100,132,3,7,'Left/Centre'),(3569,100,22,2,7,'Centre/Right'),(3570,100,134,4,7,'Right'),(3571,100,26,14,4,'Left/Centre'),(3572,100,24,21,4,'Centre'),(3573,100,33,11,4,'Centre/Right'),(3574,100,173,22,6,'Left/Centre'),(3575,100,29,9,6,'Centre'),(3576,100,32,17,6,'Centre/Right'),(3577,100,174,26,2,''),(3578,100,20,15,2,''),(3579,100,23,7,2,''),(3580,100,135,20,2,''),(3581,100,25,10,2,''),(3582,100,19,1,2,''),(3583,100,35,19,2,''),(3584,100,295,1,9,'Centre'),(3585,100,468,19,7,'Left'),(3586,100,469,6,7,'Left/Centre'),(3587,100,298,5,7,'Centre/Right'),(3588,100,482,16,7,'Right'),(3589,100,300,17,4,'Left/Centre'),(3590,100,483,24,4,'Centre'),(3591,100,310,27,4,'Centre/Right'),(3592,100,303,10,6,'Left/Centre'),(3593,100,304,9,6,'Centre'),(3594,100,484,11,6,'Centre/Right'),(3595,100,306,3,2,''),(3596,100,307,20,2,''),(3597,100,486,28,2,''),(3598,100,301,14,2,''),(3599,100,470,15,2,''),(3600,100,309,12,2,''),(3601,100,296,23,2,''),(3602,101,91,13,9,'Centre'),(3603,101,92,17,7,'Left'),(3604,101,93,6,7,'Left/Centre'),(3605,101,422,23,7,'Centre/Right'),(3606,101,95,8,7,'Right'),(3607,101,102,2,1,'Centre'),(3608,101,98,7,4,'Left'),(3609,101,99,10,4,'Left/Centre'),(3610,101,457,18,4,'Centre/Right'),(3611,101,100,11,4,'Right'),(3612,101,106,9,6,'Centre'),(3613,101,94,3,2,''),(3614,101,347,28,2,''),(3615,101,507,34,2,''),(3616,101,104,14,2,''),(3617,101,101,22,2,''),(3618,101,97,20,2,''),(3619,101,108,16,2,''),(3620,101,213,1,9,'Centre'),(3621,101,217,22,7,'Left'),(3622,101,267,3,7,'Left/Centre'),(3623,101,216,23,7,'Centre/Right'),(3624,101,221,27,7,'Right'),(3625,101,226,29,1,'Left/Centre'),(3626,101,220,21,1,'Centre/Right'),(3627,101,219,28,5,'Left'),(3628,101,218,10,5,'Centre'),(3629,101,223,17,5,'Right'),(3630,101,228,11,6,'Centre'),(3631,101,451,2,2,''),(3632,101,224,7,2,''),(3633,101,268,8,2,''),(3634,101,272,9,2,''),(3635,101,225,25,2,''),(3636,101,214,20,2,''),(3637,101,229,30,2,''),(3638,102,213,1,9,'Centre'),(3639,102,214,20,7,'Left/Centre'),(3640,102,226,29,7,'Centre'),(3641,102,216,23,7,'Centre/Right'),(3642,102,267,3,8,'Left'),(3643,102,217,22,8,'Right'),(3644,102,218,10,4,'Left'),(3645,102,219,28,4,'Left/Centre'),(3646,102,220,21,4,'Centre/Right'),(3647,102,223,17,4,'Right'),(3648,102,270,14,6,'Centre'),(3649,102,269,24,2,''),(3650,102,451,2,2,''),(3651,102,221,27,2,''),(3652,102,224,7,2,''),(3653,102,268,8,2,''),(3654,102,225,25,2,''),(3655,102,228,11,2,''),(3656,102,349,12,9,'Centre'),(3657,102,350,8,7,'Left'),(3658,102,351,24,7,'Left/Centre'),(3659,102,460,19,7,'Centre/Right'),(3660,102,352,27,7,'Right'),(3661,102,354,21,4,'Left/Centre'),(3662,102,366,14,4,'Centre'),(3663,102,397,18,4,'Centre/Right'),(3664,102,353,29,6,'Left/Centre'),(3665,102,362,10,6,'Centre'),(3666,102,464,13,6,'Centre/Right'),(3667,102,357,11,2,''),(3668,102,360,7,2,''),(3669,102,361,1,2,''),(3670,102,399,17,2,''),(3671,102,465,6,2,''),(3672,102,523,26,2,''),(3673,102,480,32,2,''),(3674,103,1,22,9,'Centre'),(3675,103,2,13,7,'Left'),(3676,103,127,4,7,'Left/Centre'),(3677,103,3,2,7,'Centre/Right'),(3678,103,128,11,7,'Right'),(3679,103,10,21,4,'Left'),(3680,103,129,3,4,'Left/Centre'),(3681,103,6,6,4,'Centre/Right'),(3682,103,171,19,4,'Right'),(3683,103,9,8,6,'Left/Centre'),(3684,103,8,10,6,'Centre/Right'),(3685,103,13,1,2,''),(3686,103,14,24,2,''),(3687,103,130,27,2,''),(3688,103,131,30,2,''),(3689,103,437,20,2,''),(3690,103,7,5,2,''),(3691,103,16,16,2,''),(3692,103,249,1,9,'Centre'),(3693,103,250,15,7,'Left'),(3694,103,262,17,7,'Left/Centre'),(3695,103,252,4,7,'Centre/Right'),(3696,103,260,8,7,'Right'),(3697,103,256,21,1,'Left'),(3698,103,266,30,1,'Centre'),(3699,103,255,13,1,'Right'),(3700,103,253,6,5,'Centre'),(3701,103,259,20,6,'Left/Centre'),(3702,103,519,31,6,'Centre/Right'),(3703,103,263,23,2,''),(3704,103,264,14,2,''),(3705,103,432,29,2,''),(3706,103,265,9,2,''),(3707,103,524,35,2,''),(3708,103,521,32,2,''),(3709,103,525,2,2,''),(3710,104,37,13,9,'Centre'),(3711,104,38,6,7,'Left'),(3712,104,39,26,7,'Left/Centre'),(3713,104,40,3,7,'Centre/Right'),(3714,104,41,7,7,'Right'),(3715,104,45,10,4,'Left/Centre'),(3716,104,43,8,4,'Centre'),(3717,104,44,5,4,'Centre/Right'),(3718,104,50,11,6,'Left/Centre'),(3719,104,46,30,6,'Centre'),(3720,104,47,14,6,'Centre/Right'),(3721,104,292,9,2,''),(3722,104,442,22,2,''),(3723,104,51,19,2,''),(3724,104,52,18,2,''),(3725,104,53,17,2,''),(3726,104,54,1,2,''),(3727,104,444,16,2,''),(3728,104,91,13,9,'Centre'),(3729,104,348,15,7,'Left'),(3730,104,93,6,7,'Left/Centre'),(3731,104,105,4,7,'Centre/Right'),(3732,104,422,23,7,'Right'),(3733,104,347,28,4,'Left'),(3734,104,102,2,4,'Left/Centre'),(3735,104,423,24,4,'Centre/Right'),(3736,104,100,11,4,'Right'),(3737,104,99,10,5,'Centre'),(3738,104,106,9,6,'Centre'),(3739,104,94,3,2,''),(3740,104,456,27,2,''),(3741,104,424,21,2,''),(3742,104,107,19,2,''),(3743,104,98,7,2,''),(3744,104,457,18,2,''),(3745,104,108,16,2,''),(3746,105,73,1,9,'Centre'),(3747,105,88,21,7,'Left'),(3748,105,75,5,7,'Left/Centre'),(3749,105,165,2,7,'Centre/Right'),(3750,105,368,19,7,'Right'),(3751,105,78,11,4,'Left/Centre'),(3752,105,79,8,4,'Centre'),(3753,105,166,14,4,'Centre/Right'),(3754,105,80,10,6,'Left/Centre'),(3755,105,83,9,6,'Centre'),(3756,105,82,15,6,'Centre/Right'),(3757,105,81,18,2,''),(3758,105,77,29,2,''),(3759,105,86,16,2,''),(3760,105,161,4,2,''),(3761,105,163,6,2,''),(3762,105,167,12,2,''),(3763,105,90,30,2,''),(3764,105,249,1,9,'Centre'),(3765,105,250,15,7,'Left'),(3766,105,251,3,7,'Left/Centre'),(3767,105,262,17,7,'Centre/Right'),(3768,105,253,6,7,'Right'),(3769,105,256,21,1,'Left'),(3770,105,255,13,1,'Centre'),(3771,105,433,7,1,'Right'),(3772,105,257,10,5,'Centre'),(3773,105,265,9,6,'Left/Centre'),(3774,105,259,20,6,'Centre/Right'),(3775,105,260,8,2,''),(3776,105,261,12,2,''),(3777,105,263,23,2,''),(3778,105,264,14,2,''),(3779,105,258,19,2,''),(3780,105,434,18,2,''),(3781,105,266,30,2,''),(3782,106,73,1,9,'Centre'),(3783,106,88,21,7,'Left'),(3784,106,75,5,7,'Left/Centre'),(3785,106,165,2,7,'Centre/Right'),(3786,106,368,19,7,'Right'),(3787,106,79,8,1,'Centre'),(3788,106,80,10,4,'Left'),(3789,106,78,11,4,'Left/Centre'),(3790,106,166,14,4,'Centre/Right'),(3791,106,82,15,4,'Right'),(3792,106,83,9,6,'Centre'),(3793,106,81,18,2,''),(3794,106,86,16,2,''),(3795,106,87,26,2,''),(3796,106,161,4,2,''),(3797,106,163,6,2,''),(3798,106,167,12,2,''),(3799,106,90,30,2,''),(3800,106,31,12,9,'Centre'),(3801,106,36,6,7,'Left'),(3802,106,21,5,7,'Left/Centre'),(3803,106,132,3,7,'Centre/Right'),(3804,106,23,7,7,'Right'),(3805,106,25,10,1,'Left/Centre'),(3806,106,24,21,1,'Centre/Right'),(3807,106,20,15,5,'Left'),(3808,106,33,11,5,'Centre'),(3809,106,133,16,5,'Right'),(3810,106,135,20,6,'Centre'),(3811,106,134,4,2,''),(3812,106,174,26,2,''),(3813,106,26,14,2,''),(3814,106,136,23,2,''),(3815,106,19,1,2,''),(3816,106,35,19,2,''),(3817,106,27,28,2,''),(3818,107,384,12,9,'Centre'),(3819,107,388,7,7,'Left'),(3820,107,373,15,7,'Left/Centre'),(3821,107,375,22,7,'Centre/Right'),(3822,107,374,23,7,'Right'),(3823,107,382,8,1,'Centre'),(3824,107,371,14,4,'Left'),(3825,107,390,18,4,'Left/Centre'),(3826,107,381,20,4,'Centre/Right'),(3827,107,379,11,4,'Right'),(3828,107,380,9,6,'Centre'),(3829,107,370,1,2,''),(3830,107,410,21,2,''),(3831,107,378,26,2,''),(3832,107,385,27,2,''),(3833,107,376,24,2,''),(3834,107,386,2,2,''),(3835,107,387,19,2,''),(3836,107,1,22,9,'Centre'),(3837,107,172,18,7,'Left/Centre'),(3838,107,3,2,7,'Centre'),(3839,107,127,4,7,'Centre/Right'),(3840,107,2,13,4,'Left'),(3841,107,170,7,4,'Left/Centre'),(3842,107,6,6,4,'Centre'),(3843,107,7,5,4,'Centre/Right'),(3844,107,128,11,4,'Right'),(3845,107,8,10,6,'Left/Centre'),(3846,107,10,21,6,'Centre/Right'),(3847,107,4,23,2,''),(3848,107,13,1,2,''),(3849,107,168,3,2,''),(3850,107,14,24,2,''),(3851,107,169,17,2,''),(3852,107,437,20,2,''),(3853,107,16,16,2,''),(3854,108,91,13,9,'Centre'),(3855,108,103,30,7,'Left'),(3856,108,93,6,7,'Left/Centre'),(3857,108,94,3,7,'Centre/Right'),(3858,108,105,4,7,'Right'),(3859,108,102,2,1,'Left/Centre'),(3860,108,96,5,1,'Centre/Right'),(3861,108,100,11,5,'Left'),(3862,108,99,10,5,'Centre'),(3863,108,107,19,5,'Right'),(3864,108,101,22,6,'Centre'),(3865,108,92,17,2,''),(3866,108,106,9,2,''),(3867,108,95,8,2,''),(3868,108,98,7,2,''),(3869,108,457,18,2,''),(3870,108,97,20,2,''),(3871,108,108,16,2,''),(3872,108,249,1,9,'Centre'),(3873,108,462,11,7,'Left'),(3874,108,264,14,7,'Left/Centre'),(3875,108,252,4,7,'Centre/Right'),(3876,108,253,6,7,'Right'),(3877,108,254,22,1,'Left'),(3878,108,255,13,1,'Centre'),(3879,108,433,7,1,'Right'),(3880,108,257,10,5,'Centre'),(3881,108,258,19,6,'Left/Centre'),(3882,108,259,20,6,'Centre/Right'),(3883,108,261,12,2,''),(3884,108,251,3,2,''),(3885,108,263,23,2,''),(3886,108,256,21,2,''),(3887,108,265,9,2,''),(3888,108,434,18,2,''),(3889,108,461,27,2,''),(3890,109,31,12,9,'Centre'),(3891,109,21,5,7,'Left/Centre'),(3892,109,132,3,7,'Centre'),(3893,109,134,4,7,'Centre/Right'),(3894,109,20,15,4,'Left'),(3895,109,25,10,4,'Left/Centre'),(3896,109,24,21,4,'Centre'),(3897,109,33,11,4,'Centre/Right'),(3898,109,23,7,4,'Right'),(3899,109,26,14,6,'Left/Centre'),(3900,109,29,9,6,'Centre/Right'),(3901,109,133,16,2,''),(3902,109,32,17,2,''),(3903,109,512,13,2,''),(3904,109,22,2,2,''),(3905,109,194,8,2,''),(3906,109,173,22,2,''),(3907,109,35,19,2,''),(3908,109,91,13,9,'Centre'),(3909,109,92,17,7,'Left'),(3910,109,93,6,7,'Left/Centre'),(3911,109,94,3,7,'Centre/Right'),(3912,109,456,27,7,'Right'),(3913,109,97,20,1,'Left/Centre'),(3914,109,102,2,1,'Centre/Right'),(3915,109,107,19,5,'Left'),(3916,109,99,10,5,'Centre'),(3917,109,100,11,5,'Right'),(3918,109,101,22,6,'Centre'),(3919,109,347,28,2,''),(3920,109,105,4,2,''),(3921,109,106,9,2,''),(3922,109,98,7,2,''),(3923,109,457,18,2,''),(3924,109,422,23,2,''),(3925,109,108,16,2,''),(3926,110,329,1,9,'Centre'),(3927,110,330,2,7,'Left/Centre'),(3928,110,331,17,7,'Centre'),(3929,110,332,3,7,'Centre/Right'),(3930,110,333,4,4,'Left'),(3931,110,334,11,4,'Left/Centre'),(3932,110,335,5,4,'Centre/Right'),(3933,110,336,6,4,'Right'),(3934,110,337,8,5,'Centre'),(3935,110,339,16,6,'Left/Centre'),(3936,110,338,9,6,'Centre/Right'),(3937,110,340,18,2,''),(3938,110,341,25,2,''),(3939,110,343,23,2,''),(3940,110,396,27,2,''),(3941,110,344,15,2,''),(3942,110,345,19,2,''),(3943,110,346,22,2,''),(3944,110,73,1,9,'Centre'),(3945,110,74,24,7,'Left'),(3946,110,75,5,7,'Left/Centre'),(3947,110,76,13,7,'Centre/Right'),(3948,110,88,21,7,'Right'),(3949,110,78,11,4,'Left/Centre'),(3950,110,79,8,4,'Centre'),(3951,110,166,14,4,'Centre/Right'),(3952,110,80,10,6,'Left/Centre'),(3953,110,83,9,6,'Centre'),(3954,110,368,19,6,'Centre/Right'),(3955,110,84,7,2,''),(3956,110,81,18,2,''),(3957,110,85,23,2,''),(3958,110,86,16,2,''),(3959,110,87,26,2,''),(3960,110,89,17,2,''),(3961,110,90,30,2,''),(3962,111,274,1,9,'Centre'),(3963,111,275,3,7,'Left/Centre'),(3964,111,276,4,7,'Centre'),(3965,111,277,2,7,'Centre/Right'),(3966,111,278,14,4,'Left'),(3967,111,279,33,4,'Left/Centre'),(3968,111,280,5,4,'Centre'),(3969,111,282,28,4,'Centre/Right'),(3970,111,495,7,4,'Right'),(3971,111,281,26,6,'Left/Centre'),(3972,111,284,21,6,'Centre/Right'),(3973,111,285,19,2,''),(3974,111,286,24,2,''),(3975,111,287,16,2,''),(3976,111,288,34,2,''),(3977,111,289,13,2,''),(3978,111,291,15,2,''),(3979,111,283,20,2,''),(3980,111,349,12,9,'Centre'),(3981,111,351,24,7,'Left/Centre'),(3982,111,460,19,7,'Centre'),(3983,111,352,27,7,'Centre/Right'),(3984,111,350,8,4,'Left'),(3985,111,355,22,4,'Left/Centre'),(3986,111,356,5,4,'Centre/Right'),(3987,111,364,31,4,'Right'),(3988,111,353,29,6,'Left/Centre'),(3989,111,362,10,6,'Centre'),(3990,111,366,14,6,'Centre/Right'),(3991,111,357,11,2,''),(3992,111,526,4,2,''),(3993,111,360,7,2,''),(3994,111,361,1,2,''),(3995,111,358,9,2,''),(3996,111,359,15,2,''),(3997,111,354,21,2,''),(3998,112,31,12,9,'Centre'),(3999,112,21,5,7,'Left/Centre'),(4000,112,22,2,7,'Centre'),(4001,112,132,3,7,'Centre/Right'),(4002,112,20,15,4,'Left'),(4003,112,33,11,4,'Left/Centre'),(4004,112,134,4,4,'Centre'),(4005,112,24,21,4,'Centre/Right'),(4006,112,27,28,4,'Right'),(4007,112,29,9,6,'Left/Centre'),(4008,112,35,19,6,'Centre/Right'),(4009,112,174,26,2,''),(4010,112,133,16,2,''),(4011,112,23,7,2,''),(4012,112,32,17,2,''),(4013,112,135,20,2,''),(4014,112,19,1,2,''),(4015,112,173,22,2,''),(4016,112,143,25,9,'Centre'),(4017,112,144,28,7,'Left'),(4018,112,145,13,7,'Left/Centre'),(4019,112,146,26,7,'Centre/Right'),(4020,112,147,4,7,'Right'),(4021,112,149,6,1,'Left/Centre'),(4022,112,148,2,1,'Centre/Right'),(4023,112,152,10,5,'Left'),(4024,112,151,23,5,'Centre'),(4025,112,150,20,5,'Right'),(4026,112,328,11,6,'Centre'),(4027,112,400,21,2,''),(4028,112,154,8,2,''),(4029,112,441,16,2,''),(4030,112,155,18,2,''),(4031,112,326,9,2,''),(4032,112,158,29,2,''),(4033,112,159,30,2,''),(4034,113,37,13,9,'Centre'),(4035,113,38,6,7,'Left'),(4036,113,40,3,7,'Left/Centre'),(4037,113,438,4,7,'Centre/Right'),(4038,113,41,7,7,'Right'),(4039,113,45,10,4,'Left/Centre'),(4040,113,44,5,4,'Centre'),(4041,113,52,18,4,'Centre/Right'),(4042,113,48,24,6,'Left/Centre'),(4043,113,46,15,6,'Centre'),(4044,113,47,14,6,'Centre/Right'),(4045,113,49,21,2,''),(4046,113,50,11,2,''),(4047,113,39,26,2,''),(4048,113,293,27,2,''),(4049,113,51,19,2,''),(4050,113,54,1,2,''),(4051,113,527,16,2,''),(4052,113,19,1,9,'Centre'),(4053,113,20,15,7,'Left'),(4054,113,134,4,7,'Left/Centre'),(4055,113,22,2,7,'Centre/Right'),(4056,113,23,7,7,'Right'),(4057,113,26,14,4,'Left/Centre'),(4058,113,174,26,4,'Centre'),(4059,113,25,10,4,'Centre/Right'),(4060,113,173,22,6,'Left/Centre'),(4061,113,35,19,6,'Centre'),(4062,113,135,20,6,'Centre/Right'),(4063,113,24,21,2,''),(4064,113,133,16,2,''),(4065,113,31,12,2,''),(4066,113,32,17,2,''),(4067,113,33,11,2,''),(4068,113,29,9,2,''),(4069,113,36,6,2,''),(4070,114,66,25,9,'Centre'),(4071,114,56,15,7,'Left'),(4072,114,57,20,7,'Left/Centre'),(4073,114,58,3,7,'Centre/Right'),(4074,114,59,11,7,'Right'),(4075,114,61,6,1,'Left/Centre'),(4076,114,68,21,1,'Centre/Right'),(4077,114,62,23,5,'Left'),(4078,114,63,8,5,'Centre'),(4079,114,69,24,5,'Right'),(4080,114,65,9,6,'Centre'),(4081,114,316,14,2,''),(4082,114,313,2,2,''),(4083,114,64,7,2,''),(4084,114,528,29,2,''),(4085,114,60,16,2,''),(4086,114,71,19,2,''),(4087,114,55,1,2,''),(4088,114,249,1,9,'Centre'),(4089,114,250,15,7,'Left'),(4090,114,264,14,7,'Left/Centre'),(4091,114,252,4,7,'Centre/Right'),(4092,114,260,8,7,'Right'),(4093,114,266,30,1,'Left'),(4094,114,263,23,1,'Centre'),(4095,114,256,21,1,'Right'),(4096,114,257,10,5,'Centre'),(4097,114,259,20,6,'Left/Centre'),(4098,114,265,9,6,'Centre/Right'),(4099,114,261,12,2,''),(4100,114,251,3,2,''),(4101,114,519,31,2,''),(4102,114,433,7,2,''),(4103,114,521,32,2,''),(4104,114,461,27,2,''),(4105,114,462,11,2,''),(4106,115,231,25,9,'Centre'),(4107,115,232,18,7,'Left'),(4108,115,248,8,7,'Left/Centre'),(4109,115,234,2,7,'Centre/Right'),(4110,115,498,4,7,'Right'),(4111,115,237,9,4,'Left/Centre'),(4112,115,238,20,4,'Centre'),(4113,115,452,14,4,'Centre/Right'),(4114,115,241,11,6,'Left/Centre'),(4115,115,415,23,6,'Centre'),(4116,115,499,10,6,'Centre/Right'),(4117,115,236,19,2,''),(4118,115,453,17,2,''),(4119,115,242,30,2,''),(4120,115,243,15,2,''),(4121,115,239,31,2,''),(4122,115,500,27,2,''),(4123,115,245,16,2,''),(4124,115,208,1,9,'Centre'),(4125,115,196,7,7,'Left'),(4126,115,197,5,7,'Left/Centre'),(4127,115,207,4,7,'Centre/Right'),(4128,115,404,27,7,'Right'),(4129,115,211,20,1,'Left/Centre'),(4130,115,473,16,1,'Centre/Right'),(4131,115,204,18,5,'Left'),(4132,115,203,10,5,'Centre'),(4133,115,212,11,5,'Right'),(4134,115,478,9,6,'Centre'),(4135,115,407,28,2,''),(4136,115,439,2,2,''),(4137,115,202,6,2,''),(4138,115,195,22,2,''),(4139,115,448,29,2,''),(4140,115,474,17,2,''),(4141,115,205,14,2,''),(4142,116,143,25,9,'Centre'),(4143,116,144,28,7,'Left'),(4144,116,145,13,7,'Left/Centre'),(4145,116,146,26,7,'Centre/Right'),(4146,116,147,4,7,'Right'),(4147,116,155,18,1,'Left'),(4148,116,400,21,1,'Centre'),(4149,116,150,20,1,'Right'),(4150,116,152,10,5,'Centre'),(4151,116,328,11,6,'Left/Centre'),(4152,116,401,17,6,'Centre/Right'),(4153,116,154,8,2,''),(4154,116,441,16,2,''),(4155,116,149,6,2,''),(4156,116,326,9,2,''),(4157,116,158,29,2,''),(4158,116,159,30,2,''),(4159,116,160,22,2,''),(4160,116,249,1,9,'Centre'),(4161,116,250,15,7,'Left'),(4162,116,264,14,7,'Left/Centre'),(4163,116,262,17,7,'Centre/Right'),(4164,116,253,6,7,'Right'),(4165,116,255,13,1,'Left/Centre'),(4166,116,263,23,1,'Centre/Right'),(4167,116,258,19,5,'Left'),(4168,116,257,10,5,'Centre'),(4169,116,265,9,5,'Right'),(4170,116,259,20,6,'Centre'),(4171,116,260,8,2,''),(4172,116,261,12,2,''),(4173,116,251,3,2,''),(4174,116,520,11,2,''),(4175,116,252,4,2,''),(4176,116,266,30,2,''),(4177,116,521,32,2,''),(4178,117,317,17,9,'Centre'),(4179,117,275,3,7,'Left/Centre'),(4180,117,277,2,7,'Centre'),(4181,117,276,4,7,'Centre/Right'),(4182,117,278,14,4,'Left'),(4183,117,279,33,4,'Left/Centre'),(4184,117,280,5,4,'Centre/Right'),(4185,117,320,30,4,'Right'),(4186,117,283,20,6,'Left/Centre'),(4187,117,291,15,6,'Centre'),(4188,117,455,22,6,'Centre/Right'),(4189,117,285,19,2,''),(4190,117,286,24,2,''),(4191,117,287,16,2,''),(4192,117,274,1,2,''),(4193,117,495,7,2,''),(4194,117,290,25,2,''),(4195,117,324,32,2,''),(4196,117,295,1,9,'Centre'),(4197,117,300,17,7,'Left'),(4198,117,298,5,7,'Left/Centre'),(4199,117,486,28,7,'Centre/Right'),(4200,117,482,16,7,'Right'),(4201,117,483,24,1,'Left/Centre'),(4202,117,306,3,1,'Centre/Right'),(4203,117,305,8,5,'Left'),(4204,117,303,10,5,'Centre'),(4205,117,484,11,5,'Right'),(4206,117,304,9,6,'Centre'),(4207,117,307,20,2,''),(4208,117,468,19,2,''),(4209,117,469,6,2,''),(4210,117,529,25,2,''),(4211,117,470,15,2,''),(4212,117,530,34,2,''),(4213,117,296,23,2,''),(4214,118,109,12,9,'Centre'),(4215,118,113,5,7,'Left'),(4216,118,111,13,7,'Left/Centre'),(4217,118,138,16,7,'Centre/Right'),(4218,118,125,32,7,'Right'),(4219,118,115,17,1,'Left/Centre'),(4220,118,140,15,1,'Centre/Right'),(4221,118,139,8,5,'Left'),(4222,118,118,7,5,'Centre'),(4223,118,120,24,5,'Right'),(4224,118,119,28,6,'Centre'),(4225,118,116,23,2,''),(4226,118,121,10,2,''),(4227,118,114,14,2,''),(4228,118,110,33,2,''),(4229,118,122,19,2,''),(4230,118,124,30,2,''),(4231,118,126,9,2,''),(4232,118,190,1,9,'Centre'),(4233,118,177,15,7,'Left'),(4234,118,417,17,7,'Left/Centre'),(4235,118,189,22,7,'Centre/Right'),(4236,118,193,20,7,'Right'),(4237,118,418,13,4,'Left'),(4238,118,420,10,4,'Left/Centre'),(4239,118,419,5,4,'Centre/Right'),(4240,118,184,28,4,'Right'),(4241,118,187,9,6,'Left/Centre'),(4242,118,186,7,6,'Centre/Right'),(4243,118,416,27,2,''),(4244,118,188,8,2,''),(4245,118,421,31,2,''),(4246,118,516,12,2,''),(4247,118,428,33,2,''),(4248,118,505,32,2,''),(4249,118,192,16,2,''),(4250,119,213,1,9,'Centre'),(4251,119,217,22,7,'Left'),(4252,119,267,3,7,'Left/Centre'),(4253,119,226,29,7,'Centre/Right'),(4254,119,221,27,7,'Right'),(4255,119,219,28,1,'Left/Centre'),(4256,119,269,24,1,'Centre/Right'),(4257,119,224,7,5,'Left'),(4258,119,218,10,5,'Centre'),(4259,119,223,17,5,'Right'),(4260,119,270,14,6,'Centre'),(4261,119,451,2,2,''),(4262,119,271,6,2,''),(4263,119,268,8,2,''),(4264,119,225,25,2,''),(4265,119,531,5,2,''),(4266,119,228,11,2,''),(4267,119,230,19,2,''),(4268,119,176,25,9,'Centre'),(4269,119,177,15,7,'Left'),(4270,119,417,17,7,'Left/Centre'),(4271,119,179,3,7,'Centre/Right'),(4272,119,193,20,7,'Right'),(4273,119,189,22,4,'Left/Centre'),(4274,119,419,5,4,'Centre'),(4275,119,418,13,4,'Centre/Right'),(4276,119,181,11,6,'Left/Centre'),(4277,119,187,9,6,'Centre'),(4278,119,185,23,6,'Centre/Right'),(4279,119,416,27,2,''),(4280,119,186,7,2,''),(4281,119,184,28,2,''),(4282,119,188,8,2,''),(4283,119,190,1,2,''),(4284,119,505,32,2,''),(4285,119,180,21,2,''),(4286,120,143,25,9,'Centre'),(4287,120,144,28,7,'Left'),(4288,120,145,13,7,'Left/Centre'),(4289,120,146,26,7,'Centre/Right'),(4290,120,147,4,7,'Right'),(4291,120,151,23,4,'Left'),(4292,120,149,6,4,'Left/Centre'),(4293,120,148,2,4,'Centre/Right'),(4294,120,150,20,4,'Right'),(4295,120,328,11,6,'Left/Centre'),(4296,120,152,10,6,'Centre/Right'),(4297,120,154,8,2,''),(4298,120,513,15,2,''),(4299,120,441,16,2,''),(4300,120,155,18,2,''),(4301,120,326,9,2,''),(4302,120,158,29,2,''),(4303,120,159,30,2,''),(4304,120,295,1,9,'Centre'),(4305,120,296,23,7,'Left'),(4306,120,469,6,7,'Left/Centre'),(4307,120,486,28,7,'Centre/Right'),(4308,120,482,16,7,'Right'),(4309,120,300,17,1,'Left/Centre'),(4310,120,483,24,1,'Centre/Right'),(4311,120,305,8,5,'Left'),(4312,120,303,10,5,'Centre'),(4313,120,484,11,5,'Right'),(4314,120,490,7,6,'Centre'),(4315,120,485,32,2,''),(4316,120,302,29,2,''),(4317,120,468,19,2,''),(4318,120,304,9,2,''),(4319,120,309,12,2,''),(4320,120,310,27,2,''),(4321,120,299,2,2,''),(4322,121,213,1,9,'Centre'),(4323,121,216,23,7,'Left'),(4324,121,226,29,7,'Left/Centre'),(4325,121,214,20,7,'Centre/Right'),(4326,121,217,22,7,'Right'),(4327,121,218,10,4,'Left'),(4328,121,269,24,4,'Left/Centre'),(4329,121,268,8,4,'Centre/Right'),(4330,121,223,17,4,'Right'),(4331,121,270,14,6,'Left/Centre'),(4332,121,272,9,6,'Centre/Right'),(4333,121,219,28,2,''),(4334,121,267,3,2,''),(4335,121,451,2,2,''),(4336,121,224,7,2,''),(4337,121,271,6,2,''),(4338,121,273,12,2,''),(4339,121,531,5,2,''),(4340,121,228,11,2,''),(4341,121,230,19,2,''),(4342,121,31,12,9,'Centre'),(4343,121,24,21,7,'Left'),(4344,121,132,3,7,'Left/Centre'),(4345,121,22,2,7,'Centre/Right'),(4346,121,32,17,7,'Right'),(4347,121,26,14,4,'Left'),(4348,121,36,6,4,'Left/Centre'),(4349,121,134,4,4,'Centre/Right'),(4350,121,33,11,4,'Right'),(4351,121,173,22,6,'Left/Centre'),(4352,121,29,9,6,'Centre/Right'),(4353,121,174,26,2,''),(4354,121,20,15,2,''),(4355,121,133,16,2,''),(4356,121,135,20,2,''),(4357,121,25,10,2,''),(4358,121,136,23,2,''),(4359,121,194,8,2,''),(4360,121,19,1,2,''),(4361,121,35,19,2,''),(4362,121,27,28,2,''),(4363,121,21,5,2,''),(4364,122,225,25,9,'Centre'),(4365,122,214,20,7,'Left/Centre'),(4366,122,226,29,7,'Centre'),(4367,122,216,23,7,'Centre/Right'),(4368,122,217,22,4,'Left'),(4369,122,219,28,4,'Left/Centre'),(4370,122,220,21,4,'Centre/Right'),(4371,122,221,27,4,'Right'),(4372,122,218,10,5,'Left/Centre'),(4373,122,223,17,5,'Centre/Right'),(4374,122,227,18,6,'Centre'),(4375,122,48,24,2,''),(4376,122,267,3,2,''),(4377,122,489,9,2,''),(4378,122,273,12,2,''),(4379,122,228,11,2,''),(4380,122,229,30,2,''),(4381,122,230,19,2,''),(4382,122,329,1,9,'Centre'),(4383,122,391,28,7,'Left/Centre'),(4384,122,331,17,7,'Centre'),(4385,122,332,3,7,'Centre/Right'),(4386,122,335,5,4,'Left'),(4387,122,334,11,4,'Left/Centre'),(4388,122,392,14,4,'Centre/Right'),(4389,122,336,6,4,'Right'),(4390,122,337,8,5,'Left/Centre'),(4391,122,447,10,5,'Centre/Right'),(4392,122,338,9,6,'Centre'),(4393,122,333,4,2,''),(4394,122,446,20,2,''),(4395,122,393,24,2,''),(4396,122,395,31,2,''),(4397,122,344,15,2,''),(4398,122,346,22,2,''),(4399,122,394,7,2,''),(4400,123,108,16,9,'Centre'),(4401,123,92,17,7,'Left'),(4402,123,93,6,7,'Left/Centre'),(4403,123,94,3,7,'Centre/Right'),(4404,123,422,23,7,'Right'),(4405,123,104,14,1,'Centre'),(4406,123,97,20,4,'Left'),(4407,123,100,11,4,'Right'),(4408,123,99,10,5,'Centre'),(4409,123,106,9,6,'Left/Centre'),(4410,123,101,22,6,'Centre/Right'),(4411,123,507,34,2,''),(4412,123,91,13,2,''),(4413,123,456,27,2,''),(4414,123,107,19,2,''),(4415,123,467,31,2,''),(4416,123,98,7,2,''),(4417,123,457,18,2,''),(4418,123,208,1,9,'Centre'),(4419,123,196,7,7,'Left'),(4420,123,199,3,7,'Left/Centre'),(4421,123,207,4,7,'Centre/Right'),(4422,123,406,32,7,'Right'),(4423,123,211,20,4,'Left/Centre'),(4424,123,473,16,4,'Centre'),(4425,123,203,10,4,'Centre/Right'),(4426,123,405,31,6,'Left/Centre'),(4427,123,448,29,6,'Centre'),(4428,123,212,11,6,'Centre/Right'),(4429,123,201,8,2,''),(4430,123,440,21,2,''),(4431,123,195,22,2,''),(4432,123,517,19,2,''),(4433,123,403,15,2,''),(4434,123,198,26,2,''),(4435,123,474,17,2,''),(4436,124,231,25,9,'Centre'),(4437,124,232,18,7,'Left'),(4438,124,248,8,7,'Left/Centre'),(4439,124,234,2,7,'Centre/Right'),(4440,124,452,14,7,'Right'),(4441,124,238,20,4,'Left/Centre'),(4442,124,233,5,4,'Centre'),(4443,124,237,9,4,'Centre/Right'),(4444,124,241,11,6,'Left/Centre'),(4445,124,415,23,6,'Centre'),(4446,124,244,6,6,'Centre/Right'),(4447,124,236,19,2,''),(4448,124,235,3,2,''),(4449,124,414,7,2,''),(4450,124,243,15,2,''),(4451,124,239,31,2,''),(4452,124,245,16,2,''),(4453,124,454,34,2,''),(4454,124,109,12,9,'Centre'),(4455,124,110,33,7,'Left'),(4456,124,111,13,7,'Left/Centre'),(4457,124,138,16,7,'Centre/Right'),(4458,124,113,5,7,'Right'),(4459,124,114,14,4,'Left'),(4460,124,115,17,4,'Left/Centre'),(4461,124,140,15,4,'Centre/Right'),(4462,124,116,23,4,'Right'),(4463,124,119,28,6,'Left/Centre'),(4464,124,118,7,6,'Centre/Right'),(4465,124,121,10,2,''),(4466,124,122,19,2,''),(4467,124,124,30,2,''),(4468,124,125,32,2,''),(4469,124,117,11,2,''),(4470,124,112,6,2,''),(4471,124,126,9,2,''),(4472,125,349,12,9,'Centre'),(4473,125,350,8,7,'Left/Centre'),(4474,125,460,19,7,'Centre'),(4475,125,352,27,7,'Centre/Right'),(4476,125,353,29,4,'Left'),(4477,125,354,21,4,'Left/Centre'),(4478,125,356,5,4,'Centre/Right'),(4479,125,364,31,4,'Right'),(4480,125,366,14,5,'Centre'),(4481,125,362,10,6,'Left/Centre'),(4482,125,357,11,6,'Centre/Right'),(4483,125,526,4,2,''),(4484,125,360,7,2,''),(4485,125,361,1,2,''),(4486,125,399,17,2,''),(4487,125,358,9,2,''),(4488,125,359,15,2,''),(4489,125,397,18,2,''),(4490,125,190,1,9,'Centre'),(4491,125,416,27,7,'Left'),(4492,125,178,4,7,'Left/Centre'),(4493,125,179,3,7,'Centre/Right'),(4494,125,193,20,7,'Right'),(4495,125,418,13,4,'Left/Centre'),(4496,125,419,5,4,'Centre'),(4497,125,188,8,4,'Centre/Right'),(4498,125,181,11,6,'Left/Centre'),(4499,125,187,9,6,'Centre'),(4500,125,185,23,6,'Centre/Right'),(4501,125,186,7,2,''),(4502,125,184,28,2,''),(4503,125,189,22,2,''),(4504,125,177,15,2,''),(4505,125,176,25,2,''),(4506,125,180,21,2,''),(4507,125,192,16,2,''),(4508,126,73,1,9,'Centre'),(4509,126,88,21,7,'Left'),(4510,126,75,5,7,'Left/Centre'),(4511,126,165,2,7,'Centre/Right'),(4512,126,77,29,7,'Right'),(4513,126,90,30,4,'Left/Centre'),(4514,126,163,6,4,'Centre'),(4515,126,79,8,4,'Centre/Right'),(4516,126,80,10,6,'Left/Centre'),(4517,126,83,9,6,'Centre'),(4518,126,82,15,6,'Centre/Right'),(4519,126,84,7,2,''),(4520,126,162,33,2,''),(4521,126,81,18,2,''),(4522,126,86,16,2,''),(4523,126,161,4,2,''),(4524,126,167,12,2,''),(4525,126,164,20,2,''),(4526,126,1,22,9,'Centre'),(4527,126,2,13,7,'Left'),(4528,126,127,4,7,'Left/Centre'),(4529,126,3,2,7,'Centre/Right'),(4530,126,128,11,7,'Right'),(4531,126,129,3,4,'Left/Centre'),(4532,126,7,5,4,'Centre'),(4533,126,9,8,4,'Centre/Right'),(4534,126,10,21,6,'Left/Centre'),(4535,126,16,16,6,'Centre'),(4536,126,171,19,6,'Centre/Right'),(4537,126,4,23,2,''),(4538,126,436,9,2,''),(4539,126,172,18,2,''),(4540,126,13,1,2,''),(4541,126,14,24,2,''),(4542,126,131,30,2,''),(4543,126,437,20,2,''),(4544,127,73,1,9,'Centre'),(4545,127,85,23,7,'Left'),(4546,127,75,5,7,'Left/Centre'),(4547,127,165,2,7,'Centre/Right'),(4548,127,368,19,7,'Right'),(4549,127,78,11,4,'Left/Centre'),(4550,127,79,8,4,'Centre'),(4551,127,166,14,4,'Centre/Right'),(4552,127,80,10,6,'Left/Centre'),(4553,127,83,9,6,'Centre'),(4554,127,82,15,6,'Centre/Right'),(4555,127,84,7,2,''),(4556,127,81,18,2,''),(4557,127,86,16,2,''),(4558,127,74,24,2,''),(4559,127,88,21,2,''),(4560,127,167,12,2,''),(4561,127,90,30,2,''),(4562,127,289,13,9,'Centre'),(4563,127,286,24,7,'Left'),(4564,127,318,37,7,'Left/Centre'),(4565,127,287,16,7,'Centre/Right'),(4566,127,282,28,7,'Right'),(4567,127,280,5,1,'Left/Centre'),(4568,127,455,22,1,'Centre/Right'),(4569,127,323,11,5,'Left'),(4570,127,283,20,5,'Centre'),(4571,127,290,25,5,'Right'),(4572,127,322,26,6,'Centre'),(4573,127,275,3,2,''),(4574,127,278,14,2,''),(4575,127,319,6,2,''),(4576,127,495,7,2,''),(4577,127,317,17,2,''),(4578,127,320,30,2,''),(4579,127,324,32,2,''),(4580,128,176,25,9,'Centre'),(4581,128,177,15,7,'Left'),(4582,128,179,3,7,'Left/Centre'),(4583,128,417,17,7,'Centre/Right'),(4584,128,193,20,7,'Right'),(4585,128,181,11,4,'Left'),(4586,128,418,13,4,'Left/Centre'),(4587,128,419,5,4,'Centre/Right'),(4588,128,188,8,4,'Right'),(4589,128,187,9,6,'Left/Centre'),(4590,128,185,23,6,'Centre/Right'),(4591,128,183,29,2,''),(4592,128,416,27,2,''),(4593,128,421,31,2,''),(4594,128,189,22,2,''),(4595,128,190,1,2,''),(4596,128,180,21,2,''),(4597,128,192,16,2,''),(4598,128,1,22,9,'Centre'),(4599,128,2,13,7,'Left'),(4600,128,127,4,7,'Left/Centre'),(4601,128,3,2,7,'Centre/Right'),(4602,128,128,11,7,'Right'),(4603,128,7,5,4,'Left/Centre'),(4604,128,129,3,4,'Centre'),(4605,128,9,8,4,'Centre/Right'),(4606,128,10,21,6,'Left/Centre'),(4607,128,8,10,6,'Centre'),(4608,128,171,19,6,'Centre/Right'),(4609,128,4,23,2,''),(4610,128,172,18,2,''),(4611,128,170,7,2,''),(4612,128,13,1,2,''),(4613,128,14,24,2,''),(4614,128,131,30,2,''),(4615,128,16,16,2,''),(4616,129,349,12,9,'Centre'),(4617,129,350,8,7,'Left'),(4618,129,351,24,7,'Left/Centre'),(4619,129,460,19,7,'Centre/Right'),(4620,129,464,13,7,'Right'),(4621,129,353,29,4,'Left'),(4622,129,354,21,4,'Left/Centre'),(4623,129,397,18,4,'Centre/Right'),(4624,129,360,7,4,'Right'),(4625,129,362,10,6,'Left/Centre'),(4626,129,366,14,6,'Centre/Right'),(4627,129,357,11,2,''),(4628,129,361,1,2,''),(4629,129,399,17,2,''),(4630,129,364,31,2,''),(4631,129,465,6,2,''),(4632,129,479,16,2,''),(4633,129,480,32,2,''),(4634,129,231,25,9,'Centre'),(4635,129,232,18,7,'Left'),(4636,129,242,30,7,'Left/Centre'),(4637,129,234,2,7,'Centre/Right'),(4638,129,233,5,7,'Right'),(4639,129,236,19,4,'Left/Centre'),(4640,129,239,31,4,'Centre'),(4641,129,238,20,4,'Centre/Right'),(4642,129,247,24,6,'Left/Centre'),(4643,129,240,28,6,'Centre'),(4644,129,500,27,6,'Centre/Right'),(4645,129,235,3,2,''),(4646,129,414,7,2,''),(4647,129,415,23,2,''),(4648,129,245,16,2,''),(4649,129,237,9,2,''),(4650,129,452,14,2,''),(4651,129,454,33,2,''),(4652,130,231,25,9,'Centre'),(4653,130,247,24,7,'Left'),(4654,130,234,2,7,'Left/Centre'),(4655,130,242,30,7,'Centre/Right'),(4656,130,411,21,7,'Right'),(4657,130,233,5,1,'Centre'),(4658,130,413,29,4,'Left'),(4659,130,238,20,4,'Right'),(4660,130,236,19,5,'Centre'),(4661,130,241,11,6,'Left/Centre'),(4662,130,415,23,6,'Centre/Right'),(4663,130,412,12,2,''),(4664,130,414,7,2,''),(4665,130,500,27,2,''),(4666,130,532,10,2,''),(4667,130,237,9,2,''),(4668,130,246,22,2,''),(4669,130,232,18,2,''),(4670,130,143,25,9,'Centre'),(4671,130,144,28,7,'Left'),(4672,130,145,13,7,'Left/Centre'),(4673,130,160,22,7,'Centre/Right'),(4674,130,150,20,7,'Right'),(4675,130,149,6,4,'Left/Centre'),(4676,130,148,2,4,'Centre'),(4677,130,151,23,4,'Centre/Right'),(4678,130,153,7,6,'Left/Centre'),(4679,130,325,8,6,'Centre'),(4680,130,326,11,6,'Centre/Right'),(4681,130,154,5,2,''),(4682,130,328,9,2,''),(4683,130,441,15,2,''),(4684,130,155,14,2,''),(4685,130,146,26,2,''),(4686,130,147,4,2,''),(4687,130,159,30,2,''),(4688,131,309,12,9,'Centre'),(4689,131,482,16,7,'Left'),(4690,131,469,6,7,'Left/Centre'),(4691,131,297,37,7,'Centre/Right'),(4692,131,486,28,7,'Right'),(4693,131,300,17,4,'Left/Centre'),(4694,131,483,24,4,'Centre'),(4695,131,310,27,4,'Centre/Right'),(4696,131,303,10,6,'Left/Centre'),(4697,131,490,7,6,'Centre'),(4698,131,305,8,6,'Centre/Right'),(4699,131,306,3,2,''),(4700,131,298,5,2,''),(4701,131,302,29,2,''),(4702,131,468,19,2,''),(4703,131,504,31,2,''),(4704,131,533,18,2,''),(4705,131,304,9,2,''),(4706,131,370,1,9,'Centre'),(4707,131,388,7,7,'Left'),(4708,131,373,15,7,'Left/Centre'),(4709,131,389,5,7,'Centre/Right'),(4710,131,374,23,7,'Right'),(4711,131,371,14,1,'Left/Centre'),(4712,131,375,22,1,'Centre/Right'),(4713,131,381,20,5,'Left'),(4714,131,376,24,5,'Centre'),(4715,131,377,10,5,'Right'),(4716,131,378,26,6,'Centre'),(4717,131,382,8,2,''),(4718,131,380,9,2,''),(4719,131,390,18,2,''),(4720,131,384,12,2,''),(4721,131,386,2,2,''),(4722,131,387,19,2,''),(4723,131,379,11,2,''),(4724,132,295,1,9,'Centre'),(4725,132,468,19,7,'Left'),(4726,132,469,6,7,'Left/Centre'),(4727,132,297,37,7,'Centre/Right'),(4728,132,296,23,7,'Right'),(4729,132,300,17,1,'Left/Centre'),(4730,132,483,24,1,'Centre/Right'),(4731,132,470,15,5,'Left'),(4732,132,301,14,5,'Centre'),(4733,132,305,8,5,'Right'),(4734,132,307,20,6,'Centre'),(4735,132,306,3,2,''),(4736,132,302,29,2,''),(4737,132,504,31,2,''),(4738,132,308,30,2,''),(4739,132,304,9,2,''),(4740,132,299,13,2,''),(4741,132,303,10,2,''),(4742,132,317,17,9,'Centre'),(4743,132,286,24,7,'Left'),(4744,132,318,37,7,'Left/Centre'),(4745,132,493,31,7,'Centre/Right'),(4746,132,77,33,7,'Right'),(4747,132,494,21,1,'Left/Centre'),(4748,132,321,8,1,'Centre/Right'),(4749,132,323,11,5,'Left'),(4750,132,497,10,5,'Centre'),(4751,132,282,28,5,'Right'),(4752,132,322,26,6,'Centre'),(4753,132,278,14,2,''),(4754,132,287,16,2,''),(4755,132,495,7,2,''),(4756,132,280,5,2,''),(4757,132,289,13,2,''),(4758,132,496,9,2,''),(4759,132,283,20,2,''),(4760,133,231,25,9,'Centre'),(4761,133,232,18,7,'Left'),(4762,133,248,8,7,'Left/Centre'),(4763,133,234,2,7,'Centre/Right'),(4764,133,453,17,7,'Right'),(4765,133,239,31,4,'Left/Centre'),(4766,133,233,5,4,'Centre'),(4767,133,238,20,4,'Centre/Right'),(4768,133,247,24,6,'Left/Centre'),(4769,133,240,28,6,'Centre'),(4770,133,236,19,6,'Centre/Right'),(4771,133,242,30,2,''),(4772,133,414,7,2,''),(4773,133,415,23,2,''),(4774,133,245,16,2,''),(4775,133,237,9,2,''),(4776,133,452,14,2,''),(4777,133,454,34,2,''),(4778,133,31,12,9,'Centre'),(4779,133,21,5,7,'Left/Centre'),(4780,133,134,4,7,'Centre'),(4781,133,27,28,7,'Centre/Right'),(4782,133,20,15,4,'Left'),(4783,133,25,10,4,'Left/Centre'),(4784,133,24,21,4,'Centre'),(4785,133,33,11,4,'Centre/Right'),(4786,133,23,7,4,'Right'),(4787,133,26,14,6,'Left/Centre'),(4788,133,29,9,6,'Centre/Right'),(4789,133,534,30,2,''),(4790,133,133,16,2,''),(4791,133,175,18,2,''),(4792,133,136,23,2,''),(4793,133,194,8,2,''),(4794,133,19,1,2,''),(4795,133,35,19,2,''),(4796,134,176,25,9,'Centre'),(4797,134,177,15,7,'Left'),(4798,134,179,3,7,'Left/Centre'),(4799,134,189,22,7,'Centre/Right'),(4800,134,193,20,7,'Right'),(4801,134,418,13,4,'Left/Centre'),(4802,134,419,5,4,'Centre'),(4803,134,180,21,4,'Centre/Right'),(4804,134,181,11,6,'Left/Centre'),(4805,134,187,9,6,'Centre'),(4806,134,185,23,6,'Centre/Right'),(4807,134,183,29,2,''),(4808,134,416,27,2,''),(4809,134,184,28,2,''),(4810,134,188,8,2,''),(4811,134,190,1,2,''),(4812,134,505,32,2,''),(4813,134,192,16,2,''),(4814,134,231,25,9,'Centre'),(4815,134,232,18,7,'Left'),(4816,134,248,8,7,'Left/Centre'),(4817,134,234,2,7,'Centre/Right'),(4818,134,235,3,7,'Right'),(4819,134,238,20,1,'Left'),(4820,134,233,5,1,'Centre'),(4821,134,411,21,1,'Right'),(4822,134,236,19,5,'Centre'),(4823,134,243,15,6,'Left/Centre'),(4824,134,240,28,6,'Centre/Right'),(4825,134,242,30,2,''),(4826,134,239,31,2,''),(4827,134,500,27,2,''),(4828,134,245,16,2,''),(4829,134,246,22,2,''),(4830,134,241,11,2,''),(4831,134,247,24,2,''),(4832,135,249,1,9,'Centre'),(4833,135,250,15,7,'Left'),(4834,135,251,3,7,'Left/Centre'),(4835,135,252,4,7,'Centre/Right'),(4836,135,253,6,7,'Right'),(4837,135,254,22,1,'Left'),(4838,135,255,13,1,'Centre'),(4839,135,263,23,1,'Right'),(4840,135,257,10,5,'Centre'),(4841,135,258,19,6,'Left/Centre'),(4842,135,259,20,6,'Centre/Right'),(4843,135,260,8,2,''),(4844,135,261,12,2,''),(4845,135,262,17,2,''),(4846,135,264,14,2,''),(4847,135,256,21,2,''),(4848,135,265,9,2,''),(4849,135,266,30,2,''),(4850,135,295,1,9,'Centre'),(4851,135,300,17,7,'Left'),(4852,135,469,6,7,'Left/Centre'),(4853,135,298,5,7,'Centre/Right'),(4854,135,482,16,7,'Right'),(4855,135,302,29,1,'Left/Centre'),(4856,135,483,24,1,'Centre/Right'),(4857,135,470,15,5,'Left'),(4858,135,303,10,5,'Centre'),(4859,135,484,11,5,'Right'),(4860,135,490,7,6,'Centre'),(4861,135,307,20,2,''),(4862,135,486,28,2,''),(4863,135,301,14,2,''),(4864,135,304,9,2,''),(4865,135,309,12,2,''),(4866,135,310,27,2,''),(4867,135,472,22,2,''),(4868,136,231,25,9,'Centre'),(4869,136,232,18,7,'Left'),(4870,136,248,8,7,'Left/Centre'),(4871,136,235,3,7,'Centre/Right'),(4872,136,453,17,7,'Right'),(4873,136,237,9,4,'Left/Centre'),(4874,136,452,14,4,'Centre'),(4875,136,238,20,4,'Centre/Right'),(4876,136,247,24,6,'Left/Centre'),(4877,136,241,11,6,'Centre'),(4878,136,499,10,6,'Centre/Right'),(4879,136,242,30,2,''),(4880,136,243,15,2,''),(4881,136,239,31,2,''),(4882,136,500,27,2,''),(4883,136,415,23,2,''),(4884,136,245,16,2,''),(4885,136,454,33,2,''),(4886,136,37,13,9,'Centre'),(4887,136,38,6,7,'Left'),(4888,136,39,26,7,'Left/Centre'),(4889,136,409,24,7,'Centre/Right'),(4890,136,41,7,7,'Right'),(4891,136,44,5,4,'Left/Centre'),(4892,136,43,8,4,'Centre'),(4893,136,52,18,4,'Centre/Right'),(4894,136,45,10,6,'Left/Centre'),(4895,136,292,9,6,'Centre'),(4896,136,47,14,6,'Centre/Right'),(4897,136,408,29,2,''),(4898,136,40,31,2,''),(4899,136,293,27,2,''),(4900,136,294,33,2,''),(4901,136,51,19,2,''),(4902,136,54,1,2,''),(4903,136,444,16,2,''),(4904,137,249,1,9,'Centre'),(4905,137,250,15,7,'Left'),(4906,137,251,3,7,'Left/Centre'),(4907,137,252,4,7,'Centre/Right'),(4908,137,253,6,7,'Right'),(4909,137,254,22,1,'Left'),(4910,137,255,13,1,'Centre'),(4911,137,256,21,1,'Right'),(4912,137,257,10,5,'Centre'),(4913,137,258,19,6,'Left/Centre'),(4914,137,259,20,6,'Centre/Right'),(4915,137,260,8,2,''),(4916,137,261,12,2,''),(4917,137,262,17,2,''),(4918,137,263,23,2,''),(4919,137,264,14,2,''),(4920,137,265,9,2,''),(4921,137,266,30,2,''),(4922,137,195,22,9,'Centre'),(4923,137,196,7,7,'Left'),(4924,137,197,5,7,'Left/Centre'),(4925,137,407,28,7,'Centre/Right'),(4926,137,404,27,7,'Right'),(4927,137,204,18,4,'Left'),(4928,137,200,13,4,'Left/Centre'),(4929,137,198,26,4,'Centre/Right'),(4930,137,212,11,4,'Right'),(4931,137,205,14,6,'Left/Centre'),(4932,137,203,10,6,'Centre/Right'),(4933,137,406,32,2,''),(4934,137,207,4,2,''),(4935,137,208,1,2,''),(4936,137,201,8,2,''),(4937,137,405,31,2,''),(4938,137,211,20,2,''),(4939,137,448,29,2,''),(4940,138,143,25,9,'Centre'),(4941,138,144,28,7,'Left'),(4942,138,146,26,7,'Left/Centre'),(4943,138,145,13,7,'Centre/Right'),(4944,138,147,4,7,'Right'),(4945,138,149,6,4,'Left/Centre'),(4946,138,150,20,4,'Centre'),(4947,138,151,23,4,'Centre/Right'),(4948,138,153,7,6,'Left/Centre'),(4949,138,325,8,6,'Centre'),(4950,138,326,11,6,'Centre/Right'),(4951,138,154,5,2,''),(4952,138,328,9,2,''),(4953,138,155,14,2,''),(4954,138,148,2,2,''),(4955,138,158,29,2,''),(4956,138,159,30,2,''),(4957,138,160,22,2,''),(4958,138,213,1,9,'Centre'),(4959,138,214,20,7,'Left'),(4960,138,216,23,7,'Left/Centre'),(4961,138,226,29,7,'Centre/Right'),(4962,138,217,22,7,'Right'),(4963,138,268,8,1,'Left/Centre'),(4964,138,269,24,1,'Centre/Right'),(4965,138,272,9,5,'Left'),(4966,138,218,10,5,'Centre'),(4967,138,223,17,5,'Right'),(4968,138,270,14,6,'Centre'),(4969,138,219,28,2,''),(4970,138,267,3,2,''),(4971,138,535,16,2,''),(4972,138,222,15,2,''),(4973,138,273,12,2,''),(4974,138,227,18,2,''),(4975,138,228,11,2,''),(4976,139,329,1,9,'Centre'),(4977,139,391,28,7,'Left'),(4978,139,330,2,7,'Left/Centre'),(4979,139,331,17,7,'Centre/Right'),(4980,139,336,6,7,'Right'),(4981,139,337,8,4,'Left/Centre'),(4982,139,392,14,4,'Centre'),(4983,139,334,11,4,'Centre/Right'),(4984,139,344,15,6,'Left/Centre'),(4985,139,338,9,6,'Centre'),(4986,139,335,5,6,'Centre/Right'),(4987,139,333,4,2,''),(4988,139,341,25,2,''),(4989,139,447,10,2,''),(4990,139,396,26,2,''),(4991,139,345,19,2,''),(4992,139,346,22,2,''),(4993,139,394,7,2,''),(4994,139,309,12,9,'Centre'),(4995,139,468,19,7,'Left'),(4996,139,469,6,7,'Left/Centre'),(4997,139,298,5,7,'Centre/Right'),(4998,139,486,28,7,'Right'),(4999,139,483,24,1,'Left/Centre'),(5000,139,472,22,1,'Centre/Right'),(5001,139,303,10,5,'Left'),(5002,139,300,17,5,'Centre'),(5003,139,484,11,5,'Right'),(5004,139,307,20,6,'Centre'),(5005,139,295,1,2,''),(5006,139,471,21,2,''),(5007,139,470,15,2,''),(5008,139,482,16,2,''),(5009,139,304,9,2,''),(5010,139,310,27,2,''),(5011,139,296,23,2,''),(5012,140,19,1,9,'Centre'),(5013,140,20,15,7,'Left'),(5014,140,132,3,7,'Left/Centre'),(5015,140,22,2,7,'Centre/Right'),(5016,140,23,7,7,'Right'),(5017,140,33,11,1,'Left/Centre'),(5018,140,24,21,1,'Centre/Right'),(5019,140,25,10,5,'Left'),(5020,140,26,14,5,'Centre'),(5021,140,28,18,5,'Right'),(5022,140,29,9,6,'Centre'),(5023,140,30,32,2,''),(5024,140,31,12,2,''),(5025,140,32,17,2,''),(5026,140,194,8,2,''),(5027,140,27,28,2,''),(5028,140,21,5,2,''),(5029,140,36,6,2,''),(5030,140,249,1,9,'Centre'),(5031,140,264,14,7,'Left'),(5032,140,262,17,7,'Left/Centre'),(5033,140,252,4,7,'Centre/Right'),(5034,140,253,6,7,'Right'),(5035,140,255,13,1,'Centre'),(5036,140,258,19,4,'Left'),(5037,140,266,30,4,'Left/Centre'),(5038,140,256,21,4,'Centre/Right'),(5039,140,536,16,4,'Right'),(5040,140,259,20,6,'Centre'),(5041,140,254,22,2,''),(5042,140,260,8,2,''),(5043,140,261,12,2,''),(5044,140,251,3,2,''),(5045,140,263,23,2,''),(5046,140,520,11,2,''),(5047,140,265,9,2,''),(5048,141,195,22,9,'Centre'),(5049,141,197,5,7,'Left/Centre'),(5050,141,207,4,7,'Centre'),(5051,141,199,3,7,'Centre/Right'),(5052,141,403,15,4,'Left'),(5053,141,211,20,4,'Left/Centre'),(5054,141,203,10,4,'Centre'),(5055,141,198,26,4,'Centre/Right'),(5056,141,201,8,4,'Right'),(5057,141,448,29,6,'Left/Centre'),(5058,141,205,14,6,'Centre/Right'),(5059,141,478,9,2,''),(5060,141,406,32,2,''),(5061,141,537,24,2,''),(5062,141,407,28,2,''),(5063,141,208,1,2,''),(5064,141,473,16,2,''),(5065,141,204,18,2,''),(5066,141,1,22,9,'Centre'),(5067,141,2,13,7,'Left'),(5068,141,127,4,7,'Left/Centre'),(5069,141,129,3,7,'Centre/Right'),(5070,141,4,23,7,'Right'),(5071,141,7,5,1,'Left/Centre'),(5072,141,6,6,1,'Centre/Right'),(5073,141,10,21,5,'Left'),(5074,141,9,8,5,'Centre'),(5075,141,12,17,5,'Right'),(5076,141,8,10,6,'Centre'),(5077,141,11,9,2,''),(5078,141,13,1,2,''),(5079,141,131,30,2,''),(5080,141,16,16,2,''),(5081,141,5,14,2,''),(5082,141,17,25,2,''),(5083,141,18,28,2,''),(5084,142,66,25,9,'Centre'),(5085,142,58,3,7,'Left/Centre'),(5086,142,57,20,7,'Centre'),(5087,142,314,5,7,'Centre/Right'),(5088,142,56,15,4,'Left'),(5089,142,68,21,4,'Left/Centre'),(5090,142,61,6,4,'Centre/Right'),(5091,142,59,11,4,'Right'),(5092,142,316,14,5,'Centre'),(5093,142,62,23,6,'Left/Centre'),(5094,142,65,9,6,'Centre/Right'),(5095,142,64,7,2,''),(5096,142,69,24,2,''),(5097,142,60,16,2,''),(5098,142,71,19,2,''),(5099,142,55,1,2,''),(5100,142,63,8,2,''),(5101,142,72,18,2,''),(5102,142,1,22,9,'Centre'),(5103,142,2,13,7,'Left'),(5104,142,127,4,7,'Left/Centre'),(5105,142,3,2,7,'Centre/Right'),(5106,142,169,17,7,'Right'),(5107,142,6,6,1,'Centre'),(5108,142,8,10,4,'Left'),(5109,142,170,7,4,'Left/Centre'),(5110,142,7,5,4,'Centre/Right'),(5111,142,128,11,4,'Right'),(5112,142,16,16,6,'Centre'),(5113,142,171,19,2,''),(5114,142,9,8,2,''),(5115,142,172,18,2,''),(5116,142,13,1,2,''),(5117,142,168,3,2,''),(5118,142,14,24,2,''),(5119,142,5,14,2,''),(5120,143,176,25,9,'Centre'),(5121,143,178,4,7,'Left/Centre'),(5122,143,189,22,7,'Centre'),(5123,143,179,3,7,'Centre/Right'),(5124,143,177,15,4,'Left'),(5125,143,418,13,4,'Left/Centre'),(5126,143,419,5,4,'Centre/Right'),(5127,143,193,20,4,'Right'),(5128,143,420,10,5,'Centre'),(5129,143,187,9,6,'Left/Centre'),(5130,143,184,28,6,'Centre/Right'),(5131,143,183,29,2,''),(5132,143,182,24,2,''),(5133,143,186,7,2,''),(5134,143,190,1,2,''),(5135,143,180,21,2,''),(5136,143,192,16,2,''),(5137,143,185,23,2,''),(5138,143,91,13,9,'Centre'),(5139,143,103,30,7,'Left'),(5140,143,93,6,7,'Left/Centre'),(5141,143,94,3,7,'Centre/Right'),(5142,143,105,4,7,'Right'),(5143,143,457,18,1,'Left/Centre'),(5144,143,102,2,1,'Centre/Right'),(5145,143,98,7,5,'Left'),(5146,143,97,20,5,'Centre'),(5147,143,100,11,5,'Right'),(5148,143,101,22,6,'Centre'),(5149,143,347,28,2,''),(5150,143,92,17,2,''),(5151,143,99,10,2,''),(5152,143,106,9,2,''),(5153,143,107,19,2,''),(5154,143,96,5,2,''),(5155,143,108,16,2,''),(5156,144,249,1,9,'Centre'),(5157,144,462,11,7,'Left'),(5158,144,264,14,7,'Left/Centre'),(5159,144,252,4,7,'Centre/Right'),(5160,144,253,6,7,'Right'),(5161,144,254,22,1,'Left'),(5162,144,255,13,1,'Centre'),(5163,144,433,7,1,'Right'),(5164,144,257,10,5,'Centre'),(5165,144,258,19,6,'Left/Centre'),(5166,144,259,20,6,'Centre/Right'),(5167,144,261,12,2,''),(5168,144,251,3,2,''),(5169,144,262,17,2,''),(5170,144,256,21,2,''),(5171,144,434,18,2,''),(5172,144,266,30,2,''),(5173,144,461,27,2,''),(5174,144,143,25,9,'Centre'),(5175,144,144,28,7,'Left'),(5176,144,146,26,7,'Left/Centre'),(5177,144,145,13,7,'Centre/Right'),(5178,144,147,4,7,'Right'),(5179,144,149,6,1,'Left/Centre'),(5180,144,400,21,1,'Centre/Right'),(5181,144,153,7,5,'Left'),(5182,144,152,10,5,'Centre'),(5183,144,150,20,5,'Right'),(5184,144,325,8,6,'Centre'),(5185,144,154,5,2,''),(5186,144,328,9,2,''),(5187,144,326,11,2,''),(5188,144,148,2,2,''),(5189,144,151,23,2,''),(5190,144,159,30,2,''),(5191,144,160,22,2,''),(5192,145,91,13,9,'Centre'),(5193,145,348,15,7,'Left'),(5194,145,93,6,7,'Left/Centre'),(5195,145,105,4,7,'Centre/Right'),(5196,145,422,23,7,'Right'),(5197,145,347,28,4,'Left'),(5198,145,102,2,4,'Left/Centre'),(5199,145,423,24,4,'Centre/Right'),(5200,145,100,11,4,'Right'),(5201,145,424,21,6,'Left/Centre'),(5202,145,101,22,6,'Centre/Right'),(5203,145,94,3,2,''),(5204,145,92,17,2,''),(5205,145,106,9,2,''),(5206,145,95,8,2,''),(5207,145,107,19,2,''),(5208,145,98,7,2,''),(5209,145,108,16,2,''),(5210,145,55,1,9,'Centre'),(5211,145,313,2,7,'Left'),(5212,145,58,3,7,'Left/Centre'),(5213,145,314,5,7,'Centre/Right'),(5214,145,315,27,7,'Right'),(5215,145,60,16,1,'Left/Centre'),(5216,145,61,6,1,'Centre/Right'),(5217,145,56,15,5,'Left'),(5218,145,63,8,5,'Centre'),(5219,145,503,31,5,'Right'),(5220,145,64,7,6,'Centre'),(5221,145,316,14,2,''),(5222,145,66,25,2,''),(5223,145,59,11,2,''),(5224,145,57,20,2,''),(5225,145,70,10,2,''),(5226,145,71,19,2,''),(5227,145,72,18,2,''),(5228,146,195,22,9,'Centre'),(5229,146,196,7,7,'Left'),(5230,146,197,5,7,'Left/Centre'),(5231,146,207,4,7,'Centre/Right'),(5232,146,404,27,7,'Right'),(5233,146,474,17,1,'Left/Centre'),(5234,146,473,16,1,'Centre/Right'),(5235,146,204,18,5,'Left'),(5236,146,203,10,5,'Centre'),(5237,146,212,11,5,'Right'),(5238,146,478,9,6,'Centre'),(5239,146,407,28,2,''),(5240,146,208,1,2,''),(5241,146,439,2,2,''),(5242,146,211,20,2,''),(5243,146,448,29,2,''),(5244,146,198,26,2,''),(5245,146,205,14,2,''),(5246,146,91,13,9,'Centre'),(5247,146,348,15,7,'Left'),(5248,146,93,6,7,'Left/Centre'),(5249,146,105,4,7,'Centre/Right'),(5250,146,422,23,7,'Right'),(5251,146,347,28,4,'Left'),(5252,146,102,2,4,'Left/Centre'),(5253,146,423,24,4,'Centre/Right'),(5254,146,100,11,4,'Right'),(5255,146,99,10,5,'Centre'),(5256,146,106,9,6,'Centre'),(5257,146,94,3,2,''),(5258,146,103,30,2,''),(5259,146,424,21,2,''),(5260,146,95,8,2,''),(5261,146,467,31,2,''),(5262,146,98,7,2,''),(5263,146,108,16,2,''),(5264,147,195,22,9,'Centre'),(5265,147,403,15,7,'Left'),(5266,147,197,5,7,'Left/Centre'),(5267,147,207,4,7,'Centre/Right'),(5268,147,199,3,7,'Right'),(5269,147,204,18,4,'Left'),(5270,147,202,6,4,'Left/Centre'),(5271,147,198,26,4,'Centre/Right'),(5272,147,211,20,4,'Right'),(5273,147,203,10,5,'Centre'),(5274,147,405,31,6,'Centre'),(5275,147,404,27,2,''),(5276,147,208,1,2,''),(5277,147,201,8,2,''),(5278,147,200,13,2,''),(5279,147,209,9,2,''),(5280,147,210,24,2,''),(5281,147,212,11,2,''),(5282,147,231,25,9,'Centre'),(5283,147,232,18,7,'Left'),(5284,147,234,2,7,'Left/Centre'),(5285,147,233,5,7,'Centre/Right'),(5286,147,235,3,7,'Right'),(5287,147,413,29,1,'Left'),(5288,147,238,20,1,'Centre'),(5289,147,411,21,1,'Right'),(5290,147,237,9,5,'Centre'),(5291,147,241,11,6,'Left/Centre'),(5292,147,243,15,6,'Centre/Right'),(5293,147,236,19,2,''),(5294,147,412,12,2,''),(5295,147,242,30,2,''),(5296,147,414,7,2,''),(5297,147,239,31,2,''),(5298,147,415,23,2,''),(5299,147,246,22,2,''),(5300,148,370,1,9,'Centre'),(5301,148,388,7,7,'Left'),(5302,148,372,6,7,'Left/Centre'),(5303,148,373,15,7,'Centre/Right'),(5304,148,374,23,7,'Right'),(5305,148,371,14,1,'Left'),(5306,148,375,22,1,'Centre'),(5307,148,376,24,1,'Right'),(5308,148,382,8,5,'Centre'),(5309,148,377,10,6,'Left/Centre'),(5310,148,380,9,6,'Centre/Right'),(5311,148,383,17,2,''),(5312,148,429,4,2,''),(5313,148,390,18,2,''),(5314,148,384,12,2,''),(5315,148,410,21,2,''),(5316,148,378,26,2,''),(5317,148,389,5,2,''),(5318,148,37,13,9,'Centre'),(5319,148,38,6,7,'Left'),(5320,148,39,26,7,'Left/Centre'),(5321,148,40,3,7,'Centre/Right'),(5322,148,41,7,7,'Right'),(5323,148,45,10,4,'Left/Centre'),(5324,148,43,8,4,'Centre'),(5325,148,44,5,4,'Centre/Right'),(5326,148,50,11,6,'Left/Centre'),(5327,148,292,9,6,'Centre'),(5328,148,47,14,6,'Centre/Right'),(5329,148,293,27,2,''),(5330,148,51,19,2,''),(5331,148,42,20,2,''),(5332,148,52,18,2,''),(5333,148,46,15,2,''),(5334,148,53,17,2,''),(5335,148,54,1,2,''),(5336,149,317,17,9,'Centre'),(5337,149,286,24,7,'Left'),(5338,149,275,3,7,'Left/Centre'),(5339,149,277,2,7,'Centre/Right'),(5340,149,495,7,7,'Right'),(5341,149,278,14,4,'Left'),(5342,149,279,33,4,'Left/Centre'),(5343,149,283,20,4,'Centre/Right'),(5344,149,282,28,4,'Right'),(5345,149,509,9,6,'Left/Centre'),(5346,149,284,21,6,'Centre/Right'),(5347,149,538,23,2,''),(5348,149,285,19,2,''),(5349,149,274,1,2,''),(5350,149,280,5,2,''),(5351,149,290,25,2,''),(5352,149,291,15,2,''),(5353,149,281,26,2,''),(5354,149,384,12,9,'Centre'),(5355,149,371,14,7,'Left'),(5356,149,373,15,7,'Left/Centre'),(5357,149,429,4,7,'Centre/Right'),(5358,149,374,23,7,'Right'),(5359,149,382,8,1,'Left/Centre'),(5360,149,389,5,1,'Centre/Right'),(5361,149,377,10,5,'Left'),(5362,149,379,11,5,'Centre'),(5363,149,387,19,5,'Right'),(5364,149,380,9,6,'Centre'),(5365,149,383,17,2,''),(5366,149,375,22,2,''),(5367,149,370,1,2,''),(5368,149,390,18,2,''),(5369,149,378,26,2,''),(5370,149,388,7,2,''),(5371,149,376,24,2,''),(5372,150,329,1,9,'Centre'),(5373,150,391,28,7,'Left/Centre'),(5374,150,332,3,7,'Centre'),(5375,150,331,17,7,'Centre/Right'),(5376,150,333,4,4,'Left'),(5377,150,334,11,4,'Left/Centre'),(5378,150,392,14,4,'Centre/Right'),(5379,150,336,6,4,'Right'),(5380,150,337,8,5,'Left/Centre'),(5381,150,447,10,5,'Centre/Right'),(5382,150,338,9,6,'Centre'),(5383,150,446,20,2,''),(5384,150,393,24,2,''),(5385,150,395,31,2,''),(5386,150,343,23,2,''),(5387,150,344,15,2,''),(5388,150,346,22,2,''),(5389,150,394,7,2,''),(5390,150,249,1,9,'Centre'),(5391,150,251,3,7,'Left'),(5392,150,262,17,7,'Left/Centre'),(5393,150,252,4,7,'Centre/Right'),(5394,150,253,6,7,'Right'),(5395,150,256,21,1,'Left/Centre'),(5396,150,255,13,1,'Centre/Right'),(5397,150,258,19,5,'Left'),(5398,150,257,10,5,'Centre'),(5399,150,265,9,5,'Right'),(5400,150,259,20,6,'Centre'),(5401,150,260,8,2,''),(5402,150,261,12,2,''),(5403,150,519,31,2,''),(5404,150,263,23,2,''),(5405,150,520,11,2,''),(5406,150,266,30,2,''),(5407,150,524,35,2,''),(5408,151,329,1,9,'Centre'),(5409,151,391,28,7,'Left/Centre'),(5410,151,330,2,7,'Centre'),(5411,151,331,17,7,'Centre/Right'),(5412,151,335,5,4,'Left'),(5413,151,337,8,4,'Left/Centre'),(5414,151,392,14,4,'Centre'),(5415,151,334,11,4,'Centre/Right'),(5416,151,336,6,4,'Right'),(5417,151,344,15,6,'Left/Centre'),(5418,151,338,9,6,'Centre/Right'),(5419,151,333,4,2,''),(5420,151,393,24,2,''),(5421,151,395,31,2,''),(5422,151,332,3,2,''),(5423,151,343,23,2,''),(5424,151,346,22,2,''),(5425,151,394,7,2,''),(5426,151,66,25,9,'Centre'),(5427,151,56,15,7,'Left'),(5428,151,58,3,7,'Left/Centre'),(5429,151,314,5,7,'Centre/Right'),(5430,151,315,27,7,'Right'),(5431,151,60,16,1,'Left/Centre'),(5432,151,61,6,1,'Centre/Right'),(5433,151,63,8,5,'Left'),(5434,151,316,14,5,'Centre'),(5435,151,64,7,5,'Right'),(5436,151,65,9,6,'Centre'),(5437,151,67,13,2,''),(5438,151,68,21,2,''),(5439,151,69,24,2,''),(5440,151,70,10,2,''),(5441,151,71,19,2,''),(5442,151,55,1,2,''),(5443,151,72,18,2,''),(5444,152,249,1,9,'Centre'),(5445,152,462,11,7,'Left'),(5446,152,251,3,7,'Left/Centre'),(5447,152,262,17,7,'Centre/Right'),(5448,152,253,6,7,'Right'),(5449,152,433,7,4,'Left/Centre'),(5450,152,263,23,4,'Centre'),(5451,152,256,21,4,'Centre/Right'),(5452,152,254,22,5,'Left/Centre'),(5453,152,257,10,5,'Centre/Right'),(5454,152,259,20,6,'Centre'),(5455,152,260,8,2,''),(5456,152,261,12,2,''),(5457,152,258,19,2,''),(5458,152,265,9,2,''),(5459,152,434,18,2,''),(5460,152,266,30,2,''),(5461,152,461,27,2,''),(5462,152,213,1,9,'Centre'),(5463,152,214,20,7,'Left'),(5464,152,267,3,7,'Left/Centre'),(5465,152,226,29,7,'Centre/Right'),(5466,152,216,23,7,'Right'),(5467,152,228,11,4,'Left'),(5468,152,219,28,4,'Left/Centre'),(5469,152,269,24,4,'Centre/Right'),(5470,152,223,17,4,'Right'),(5471,152,222,15,6,'Left/Centre'),(5472,152,218,10,6,'Centre/Right'),(5473,152,224,7,2,''),(5474,152,220,21,2,''),(5475,152,272,9,2,''),(5476,152,225,25,2,''),(5477,152,270,14,2,''),(5478,152,227,18,2,''),(5479,152,217,22,2,''),(5480,153,143,25,9,'Centre'),(5481,153,327,31,7,'Left'),(5482,153,145,13,7,'Left/Centre'),(5483,153,146,26,7,'Centre/Right'),(5484,153,147,4,7,'Right'),(5485,153,149,6,4,'Left/Centre'),(5486,153,400,21,4,'Centre'),(5487,153,150,20,4,'Centre/Right'),(5488,153,325,8,6,'Left/Centre'),(5489,153,152,10,6,'Centre'),(5490,153,326,11,6,'Centre/Right'),(5491,153,154,5,2,''),(5492,153,328,9,2,''),(5493,153,155,14,2,''),(5494,153,148,2,2,''),(5495,153,151,23,2,''),(5496,153,159,30,2,''),(5497,153,160,22,2,''),(5498,153,317,17,9,'Centre'),(5499,153,275,3,7,'Left/Centre'),(5500,153,277,2,7,'Centre'),(5501,153,276,4,7,'Centre/Right'),(5502,153,278,14,4,'Left'),(5503,153,279,33,4,'Left/Centre'),(5504,153,280,5,4,'Centre/Right'),(5505,153,495,7,4,'Right'),(5506,153,283,20,5,'Centre'),(5507,153,320,30,6,'Left/Centre'),(5508,153,291,15,6,'Centre/Right'),(5509,153,282,28,2,''),(5510,153,286,24,2,''),(5511,153,287,16,2,''),(5512,153,289,13,2,''),(5513,153,323,11,2,''),(5514,153,290,25,2,''),(5515,153,324,32,2,''),(5516,154,349,12,9,'Centre'),(5517,154,350,8,7,'Left'),(5518,154,460,19,7,'Left/Centre'),(5519,154,352,27,7,'Centre/Right'),(5520,154,360,7,7,'Right'),(5521,154,354,21,4,'Left/Centre'),(5522,154,356,5,4,'Centre'),(5523,154,357,11,4,'Centre/Right'),(5524,154,353,29,6,'Left/Centre'),(5525,154,362,10,6,'Centre'),(5526,154,366,14,6,'Centre/Right'),(5527,154,361,1,2,''),(5528,154,399,17,2,''),(5529,154,363,3,2,''),(5530,154,358,9,2,''),(5531,154,359,15,2,''),(5532,154,355,22,2,''),(5533,154,397,18,2,''),(5534,154,31,12,9,'Centre'),(5535,154,20,15,7,'Left'),(5536,154,134,4,7,'Left/Centre'),(5537,154,22,2,7,'Centre/Right'),(5538,154,23,7,7,'Right'),(5539,154,24,21,1,'Left/Centre'),(5540,154,25,10,1,'Centre/Right'),(5541,154,173,22,5,'Left'),(5542,154,26,14,5,'Centre'),(5543,154,135,20,5,'Right'),(5544,154,29,9,6,'Centre'),(5545,154,174,26,2,''),(5546,154,133,16,2,''),(5547,154,175,18,2,''),(5548,154,32,17,2,''),(5549,154,19,1,2,''),(5550,154,35,19,2,''),(5551,154,36,6,2,''),(5552,155,317,17,9,'Centre'),(5553,155,286,24,7,'Left'),(5554,155,318,37,7,'Left/Centre'),(5555,155,287,16,7,'Centre/Right'),(5556,155,282,28,7,'Right'),(5557,155,280,5,1,'Left/Centre'),(5558,155,455,22,1,'Centre/Right'),(5559,155,323,11,5,'Left'),(5560,155,494,21,5,'Centre'),(5561,155,495,7,5,'Right'),(5562,155,322,26,6,'Centre'),(5563,155,493,31,2,''),(5564,155,278,14,2,''),(5565,155,319,6,2,''),(5566,155,321,8,2,''),(5567,155,289,13,2,''),(5568,155,290,25,2,''),(5569,155,324,32,2,''),(5570,155,66,25,9,'Centre'),(5571,155,56,15,7,'Left'),(5572,155,58,3,7,'Left/Centre'),(5573,155,314,5,7,'Centre/Right'),(5574,155,315,27,7,'Right'),(5575,155,60,16,1,'Left/Centre'),(5576,155,72,18,1,'Centre/Right'),(5577,155,62,23,5,'Left'),(5578,155,63,8,5,'Centre'),(5579,155,503,31,5,'Right'),(5580,155,65,9,6,'Centre'),(5581,155,316,14,2,''),(5582,155,59,11,2,''),(5583,155,64,7,2,''),(5584,155,67,13,2,''),(5585,155,528,4,2,''),(5586,155,70,10,2,''),(5587,155,55,1,2,''),(5588,156,1,22,9,'Centre'),(5589,156,172,18,7,'Left'),(5590,156,127,4,7,'Left/Centre'),(5591,156,3,2,7,'Centre/Right'),(5592,156,169,17,7,'Right'),(5593,156,6,6,1,'Left/Centre'),(5594,156,7,5,1,'Centre/Right'),(5595,156,2,13,5,'Left'),(5596,156,10,21,5,'Centre'),(5597,156,128,11,5,'Right'),(5598,156,8,10,6,'Centre'),(5599,156,4,23,2,''),(5600,156,171,19,2,''),(5601,156,436,9,2,''),(5602,156,435,15,2,''),(5603,156,170,7,2,''),(5604,156,13,1,2,''),(5605,156,16,16,2,''),(5606,156,195,22,9,'Centre'),(5607,156,403,15,7,'Left'),(5608,156,197,5,7,'Left/Centre'),(5609,156,207,4,7,'Centre/Right'),(5610,156,199,3,7,'Right'),(5611,156,198,26,1,'Centre'),(5612,156,404,27,4,'Left'),(5613,156,201,8,4,'Right'),(5614,156,202,6,5,'Centre'),(5615,156,204,18,6,'Left/Centre'),(5616,156,405,31,6,'Centre/Right'),(5617,156,203,10,2,''),(5618,156,406,32,2,''),(5619,156,407,28,2,''),(5620,156,208,1,2,''),(5621,156,200,13,2,''),(5622,156,209,9,2,''),(5623,156,212,11,2,''),(5624,157,137,1,9,'Centre'),(5625,157,113,5,7,'Left'),(5626,157,111,13,7,'Left/Centre'),(5627,157,138,16,7,'Centre/Right'),(5628,157,116,23,7,'Right'),(5629,157,139,8,4,'Left/Centre'),(5630,157,140,15,4,'Centre'),(5631,157,115,17,4,'Centre/Right'),(5632,157,118,7,6,'Left/Centre'),(5633,157,126,9,6,'Centre'),(5634,157,120,24,6,'Centre/Right'),(5635,157,109,12,2,''),(5636,157,121,10,2,''),(5637,157,539,31,2,''),(5638,157,122,19,2,''),(5639,157,142,26,2,''),(5640,157,449,20,2,''),(5641,157,112,6,2,''),(5642,157,231,25,9,'Centre'),(5643,157,247,24,7,'Left'),(5644,157,234,2,7,'Left/Centre'),(5645,157,242,30,7,'Centre/Right'),(5646,157,452,14,7,'Right'),(5647,157,532,10,1,'Left'),(5648,157,233,5,1,'Centre'),(5649,157,238,20,1,'Right'),(5650,157,236,19,5,'Centre'),(5651,157,241,11,6,'Left/Centre'),(5652,157,500,27,6,'Centre/Right'),(5653,157,235,3,2,''),(5654,157,412,12,2,''),(5655,157,413,29,2,''),(5656,157,414,7,2,''),(5657,157,237,9,2,''),(5658,157,246,22,2,''),(5659,157,232,18,2,''),(5660,158,31,12,9,'Centre'),(5661,158,132,3,7,'Left/Centre'),(5662,158,134,4,7,'Centre'),(5663,158,22,2,7,'Centre/Right'),(5664,158,36,6,8,'Left'),(5665,158,23,7,8,'Right'),(5666,158,173,22,4,'Left/Centre'),(5667,158,25,10,4,'Centre'),(5668,158,26,14,4,'Centre/Right'),(5669,158,29,9,6,'Left/Centre'),(5670,158,35,19,6,'Centre/Right'),(5671,158,174,26,2,''),(5672,158,20,15,2,''),(5673,158,133,16,2,''),(5674,158,32,17,2,''),(5675,158,135,20,2,''),(5676,158,136,23,2,''),(5677,158,19,1,2,''),(5678,158,1,22,9,'Centre'),(5679,158,172,18,7,'Left'),(5680,158,127,4,7,'Left/Centre'),(5681,158,3,2,7,'Centre/Right'),(5682,158,169,17,7,'Right'),(5683,158,6,6,1,'Left/Centre'),(5684,158,7,5,1,'Centre/Right'),(5685,158,2,13,5,'Left'),(5686,158,10,21,5,'Centre'),(5687,158,128,11,5,'Right'),(5688,158,16,16,6,'Centre'),(5689,158,4,23,2,''),(5690,158,171,19,2,''),(5691,158,436,9,2,''),(5692,158,435,15,2,''),(5693,158,170,7,2,''),(5694,158,13,1,2,''),(5695,158,8,10,2,''),(5696,159,208,1,9,'Centre'),(5697,159,196,7,7,'Left'),(5698,159,197,5,7,'Left/Centre'),(5699,159,207,4,7,'Centre/Right'),(5700,159,406,32,7,'Right'),(5701,159,473,16,1,'Left/Centre'),(5702,159,474,17,1,'Centre/Right'),(5703,159,204,18,5,'Left'),(5704,159,203,10,5,'Centre'),(5705,159,212,11,5,'Right'),(5706,159,448,29,6,'Centre'),(5707,159,478,9,2,''),(5708,159,404,27,2,''),(5709,159,407,28,2,''),(5710,159,201,8,2,''),(5711,159,405,31,2,''),(5712,159,195,22,2,''),(5713,159,205,14,2,''),(5714,159,317,17,9,'Centre'),(5715,159,286,24,7,'Left'),(5716,159,318,37,7,'Left/Centre'),(5717,159,287,16,7,'Centre/Right'),(5718,159,282,28,7,'Right'),(5719,159,321,8,1,'Left/Centre'),(5720,159,455,22,1,'Centre/Right'),(5721,159,323,11,5,'Left'),(5722,159,494,21,5,'Centre'),(5723,159,495,7,5,'Right'),(5724,159,322,26,6,'Centre'),(5725,159,493,31,2,''),(5726,159,278,14,2,''),(5727,159,319,6,2,''),(5728,159,274,1,2,''),(5729,159,280,5,2,''),(5730,159,290,25,2,''),(5731,159,496,9,2,''),(5732,160,137,1,9,'Centre'),(5733,160,113,5,7,'Left'),(5734,160,111,13,7,'Left/Centre'),(5735,160,138,16,7,'Centre/Right'),(5736,160,125,32,7,'Right'),(5737,160,140,15,1,'Left/Centre'),(5738,160,115,17,1,'Centre/Right'),(5739,160,139,8,5,'Left'),(5740,160,118,7,5,'Centre'),(5741,160,120,24,5,'Right'),(5742,160,126,9,6,'Centre'),(5743,160,119,28,2,''),(5744,160,124,30,2,''),(5745,160,141,21,2,''),(5746,160,142,26,2,''),(5747,160,117,11,2,''),(5748,160,449,20,2,''),(5749,160,112,6,2,''),(5750,160,213,1,9,'Centre'),(5751,160,217,22,7,'Left'),(5752,160,267,3,7,'Left/Centre'),(5753,160,226,29,7,'Centre/Right'),(5754,160,221,27,7,'Right'),(5755,160,219,28,1,'Left/Centre'),(5756,160,269,24,1,'Centre/Right'),(5757,160,224,7,5,'Left'),(5758,160,218,10,5,'Centre'),(5759,160,223,17,5,'Right'),(5760,160,270,14,6,'Centre'),(5761,160,268,8,2,''),(5762,160,220,21,2,''),(5763,160,225,25,2,''),(5764,160,214,20,2,''),(5765,160,228,11,2,''),(5766,160,229,30,2,''),(5767,160,230,19,2,''),(5768,161,37,13,9,'Centre'),(5769,161,38,6,7,'Left'),(5770,161,39,26,7,'Left/Centre'),(5771,161,438,4,7,'Centre/Right'),(5772,161,53,17,7,'Right'),(5773,161,45,10,4,'Left/Centre'),(5774,161,43,8,4,'Centre'),(5775,161,44,5,4,'Centre/Right'),(5776,161,50,11,6,'Left/Centre'),(5777,161,46,15,6,'Centre'),(5778,161,47,14,6,'Centre/Right'),(5779,161,408,29,2,''),(5780,161,292,9,2,''),(5781,161,51,19,2,''),(5782,161,42,20,2,''),(5783,161,52,18,2,''),(5784,161,54,1,2,''),(5785,161,443,25,2,''),(5786,161,137,1,9,'Centre'),(5787,161,110,33,7,'Left'),(5788,161,111,13,7,'Left/Centre'),(5789,161,138,16,7,'Centre/Right'),(5790,161,113,5,7,'Right'),(5791,161,115,17,1,'Left/Centre'),(5792,161,140,15,1,'Centre/Right'),(5793,161,139,8,5,'Left'),(5794,161,122,19,5,'Centre'),(5795,161,121,10,5,'Right'),(5796,161,118,7,6,'Centre'),(5797,161,120,24,2,''),(5798,161,109,12,2,''),(5799,161,116,23,2,''),(5800,161,114,14,2,''),(5801,161,119,28,2,''),(5802,161,125,32,2,''),(5803,161,126,9,2,''),(5804,162,249,1,9,'Centre'),(5805,162,250,15,7,'Left'),(5806,162,264,14,7,'Left/Centre'),(5807,162,251,3,7,'Centre/Right'),(5808,162,253,6,7,'Right'),(5809,162,254,22,1,'Left'),(5810,162,255,13,1,'Centre'),(5811,162,433,7,1,'Right'),(5812,162,257,10,5,'Centre'),(5813,162,259,20,6,'Left/Centre'),(5814,162,265,9,6,'Centre/Right'),(5815,162,260,8,2,''),(5816,162,261,12,2,''),(5817,162,263,23,2,''),(5818,162,256,21,2,''),(5819,162,258,19,2,''),(5820,162,434,18,2,''),(5821,162,461,27,2,''),(5822,162,329,1,9,'Centre'),(5823,162,333,4,7,'Left'),(5824,162,330,2,7,'Left/Centre'),(5825,162,331,17,7,'Centre/Right'),(5826,162,336,6,7,'Right'),(5827,162,337,8,4,'Left/Centre'),(5828,162,334,11,4,'Centre'),(5829,162,335,5,4,'Centre/Right'),(5830,162,344,15,6,'Left/Centre'),(5831,162,338,9,6,'Centre'),(5832,162,394,7,6,'Centre/Right'),(5833,162,540,13,2,''),(5834,162,340,18,2,''),(5835,162,475,21,2,''),(5836,162,332,3,2,''),(5837,162,447,10,2,''),(5838,162,339,16,2,''),(5839,162,346,22,2,''),(5840,163,73,1,9,'Centre'),(5841,163,88,21,7,'Left'),(5842,163,75,5,7,'Left/Centre'),(5843,163,165,2,7,'Centre/Right'),(5844,163,368,19,7,'Right'),(5845,163,78,11,4,'Left/Centre'),(5846,163,79,8,4,'Centre'),(5847,163,166,14,4,'Centre/Right'),(5848,163,80,10,6,'Left/Centre'),(5849,163,83,9,6,'Centre'),(5850,163,82,15,6,'Centre/Right'),(5851,163,81,18,2,''),(5852,163,86,16,2,''),(5853,163,87,26,2,''),(5854,163,161,4,2,''),(5855,163,167,12,2,''),(5856,163,164,20,2,''),(5857,163,90,30,2,''),(5858,163,213,1,9,'Centre'),(5859,163,451,2,7,'Left'),(5860,163,267,3,7,'Left/Centre'),(5861,163,226,29,7,'Centre/Right'),(5862,163,217,22,7,'Right'),(5863,163,219,28,1,'Left/Centre'),(5864,163,268,8,1,'Centre/Right'),(5865,163,271,6,5,'Left'),(5866,163,218,10,5,'Centre'),(5867,163,224,7,5,'Right'),(5868,163,270,14,6,'Centre'),(5869,163,221,27,2,''),(5870,163,272,9,2,''),(5871,163,225,25,2,''),(5872,163,531,5,2,''),(5873,163,227,18,2,''),(5874,163,229,30,2,''),(5875,163,230,19,2,''),(5876,164,295,1,9,'Centre'),(5877,164,300,17,7,'Left'),(5878,164,469,6,7,'Left/Centre'),(5879,164,541,4,7,'Centre/Right'),(5880,164,482,16,7,'Right'),(5881,164,302,29,1,'Left/Centre'),(5882,164,310,27,1,'Centre/Right'),(5883,164,470,15,5,'Left'),(5884,164,303,10,5,'Centre'),(5885,164,484,11,5,'Right'),(5886,164,490,7,6,'Centre'),(5887,164,298,5,2,''),(5888,164,307,20,2,''),(5889,164,486,28,2,''),(5890,164,301,14,2,''),(5891,164,483,24,2,''),(5892,164,309,12,2,''),(5893,164,530,34,2,''),(5894,164,349,12,9,'Centre'),(5895,164,350,8,7,'Left'),(5896,164,351,24,7,'Left/Centre'),(5897,164,460,19,7,'Centre/Right'),(5898,164,397,18,7,'Right'),(5899,164,353,29,4,'Left'),(5900,164,354,21,4,'Left/Centre'),(5901,164,355,22,4,'Centre/Right'),(5902,164,360,7,4,'Right'),(5903,164,362,10,6,'Left/Centre'),(5904,164,366,14,6,'Centre/Right'),(5905,164,357,11,2,''),(5906,164,361,1,2,''),(5907,164,464,13,2,''),(5908,164,364,31,2,''),(5909,164,358,9,2,''),(5910,164,365,28,2,''),(5911,164,465,6,2,''),(5912,165,137,1,9,'Centre'),(5913,165,113,5,7,'Left'),(5914,165,111,13,7,'Left/Centre'),(5915,165,138,16,7,'Centre/Right'),(5916,165,141,21,7,'Right'),(5917,165,115,17,1,'Left/Centre'),(5918,165,140,15,1,'Centre/Right'),(5919,165,120,24,5,'Left'),(5920,165,117,11,5,'Centre'),(5921,165,121,10,5,'Right'),(5922,165,126,9,6,'Centre'),(5923,165,118,7,2,''),(5924,165,542,3,2,''),(5925,165,119,28,2,''),(5926,165,122,19,2,''),(5927,165,123,29,2,''),(5928,165,124,30,2,''),(5929,165,112,6,2,''),(5930,165,329,1,9,'Centre'),(5931,165,330,2,7,'Left/Centre'),(5932,165,331,17,7,'Centre'),(5933,165,336,6,7,'Centre/Right'),(5934,165,391,28,4,'Left'),(5935,165,334,11,4,'Left/Centre'),(5936,165,335,5,4,'Centre/Right'),(5937,165,447,10,4,'Right'),(5938,165,337,8,5,'Centre'),(5939,165,344,15,6,'Left/Centre'),(5940,165,338,9,6,'Centre/Right'),(5941,165,340,18,2,''),(5942,165,341,25,2,''),(5943,165,396,26,2,''),(5944,165,392,14,2,''),(5945,165,345,19,2,''),(5946,165,346,22,2,''),(5947,165,394,7,2,''),(5948,166,143,25,9,'Centre'),(5949,166,144,28,7,'Left'),(5950,166,145,13,7,'Left/Centre'),(5951,166,146,26,7,'Centre/Right'),(5952,166,158,29,7,'Right'),(5953,166,148,2,1,'Centre'),(5954,166,149,6,4,'Left'),(5955,166,400,21,4,'Right'),(5956,166,152,10,5,'Centre'),(5957,166,328,11,6,'Left/Centre'),(5958,166,326,9,6,'Centre/Right'),(5959,166,441,16,2,''),(5960,166,155,18,2,''),(5961,166,401,17,2,''),(5962,166,151,23,2,''),(5963,166,147,4,2,''),(5964,166,159,30,2,''),(5965,166,160,22,2,''),(5966,166,91,13,9,'Centre'),(5967,166,422,23,7,'Left'),(5968,166,93,6,7,'Left/Centre'),(5969,166,105,4,7,'Centre/Right'),(5970,166,95,8,7,'Right'),(5971,166,347,28,4,'Left'),(5972,166,102,2,4,'Left/Centre'),(5973,166,94,3,4,'Centre/Right'),(5974,166,100,11,4,'Right'),(5975,166,99,10,5,'Centre'),(5976,166,106,9,6,'Centre'),(5977,166,348,15,2,''),(5978,166,101,22,2,''),(5979,166,424,21,2,''),(5980,166,98,7,2,''),(5981,166,423,24,2,''),(5982,166,97,20,2,''),(5983,166,108,16,2,''),(5984,167,19,1,9,'Centre'),(5985,167,27,28,7,'Left'),(5986,167,132,3,7,'Left/Centre'),(5987,167,22,2,7,'Centre/Right'),(5988,167,23,7,7,'Right'),(5989,167,25,10,4,'Left/Centre'),(5990,167,24,21,4,'Centre'),(5991,167,32,17,4,'Centre/Right'),(5992,167,173,22,6,'Left/Centre'),(5993,167,35,19,6,'Centre'),(5994,167,28,18,6,'Centre/Right'),(5995,167,30,32,2,''),(5996,167,20,15,2,''),(5997,167,512,13,2,''),(5998,167,29,9,2,''),(5999,167,135,20,2,''),(6000,167,21,5,2,''),(6001,167,36,6,2,''),(6002,167,349,12,9,'Centre'),(6003,167,350,8,7,'Left'),(6004,167,351,24,7,'Left/Centre'),(6005,167,363,3,7,'Centre/Right'),(6006,167,360,7,7,'Right'),(6007,167,355,22,1,'Left/Centre'),(6008,167,356,5,1,'Centre/Right'),(6009,167,353,29,5,'Left'),(6010,167,354,21,5,'Centre'),(6011,167,366,14,5,'Right'),(6012,167,398,9,6,'Centre'),(6013,167,357,11,2,''),(6014,167,361,1,2,''),(6015,167,399,17,2,''),(6016,167,362,10,2,''),(6017,167,359,15,2,''),(6018,167,397,18,2,''),(6019,167,480,32,2,''),(6020,168,137,1,9,'Centre'),(6021,168,110,33,7,'Left'),(6022,168,111,13,7,'Left/Centre'),(6023,168,138,16,7,'Centre/Right'),(6024,168,113,5,7,'Right'),(6025,168,139,8,4,'Left'),(6026,168,115,17,4,'Left/Centre'),(6027,168,140,15,4,'Centre/Right'),(6028,168,121,10,4,'Right'),(6029,168,126,9,6,'Left/Centre'),(6030,168,118,7,6,'Centre/Right'),(6031,168,109,12,2,''),(6032,168,116,23,2,''),(6033,168,119,28,2,''),(6034,168,122,19,2,''),(6035,168,117,11,2,''),(6036,168,449,20,2,''),(6037,168,112,6,2,''),(6038,168,295,1,9,'Centre'),(6039,168,468,19,7,'Left'),(6040,168,469,6,7,'Left/Centre'),(6041,168,486,28,7,'Centre/Right'),(6042,168,296,23,7,'Right'),(6043,168,300,17,1,'Left/Centre'),(6044,168,302,29,1,'Centre/Right'),(6045,168,470,15,5,'Left'),(6046,168,303,10,5,'Centre'),(6047,168,484,11,5,'Right'),(6048,168,307,20,6,'Centre'),(6049,168,306,3,2,''),(6050,168,301,14,2,''),(6051,168,483,24,2,''),(6052,168,482,16,2,''),(6053,168,304,9,2,''),(6054,168,309,12,2,''),(6055,168,310,27,2,''),(6056,169,109,12,9,'Centre'),(6057,169,110,33,7,'Left'),(6058,169,111,13,7,'Left/Centre'),(6059,169,138,16,7,'Centre/Right'),(6060,169,113,5,7,'Right'),(6061,169,139,8,4,'Left/Centre'),(6062,169,115,17,4,'Centre'),(6063,169,140,15,4,'Centre/Right'),(6064,169,114,14,6,'Left/Centre'),(6065,169,119,28,6,'Centre'),(6066,169,117,11,6,'Centre/Right'),(6067,169,118,7,2,''),(6068,169,120,24,2,''),(6069,169,116,23,2,''),(6070,169,121,10,2,''),(6071,169,122,19,2,''),(6072,169,124,30,2,''),(6073,169,125,32,2,''),(6074,169,19,1,9,'Centre'),(6075,169,21,5,7,'Left/Centre'),(6076,169,132,3,7,'Centre'),(6077,169,22,2,7,'Centre/Right'),(6078,169,27,28,4,'Left'),(6079,169,24,21,4,'Left/Centre'),(6080,169,36,6,4,'Centre'),(6081,169,26,14,4,'Centre/Right'),(6082,169,23,7,4,'Right'),(6083,169,35,19,6,'Left/Centre'),(6084,169,28,18,6,'Centre/Right'),(6085,169,30,32,2,''),(6086,169,20,15,2,''),(6087,169,133,16,2,''),(6088,169,31,12,2,''),(6089,169,32,17,2,''),(6090,169,135,20,2,''),(6091,169,136,23,2,''),(6092,170,346,22,9,'Centre'),(6093,170,391,28,7,'Left/Centre'),(6094,170,330,2,7,'Centre'),(6095,170,331,17,7,'Centre/Right'),(6096,170,333,4,4,'Left'),(6097,170,334,11,4,'Left/Centre'),(6098,170,392,14,4,'Centre'),(6099,170,335,5,4,'Centre/Right'),(6100,170,336,6,4,'Right'),(6101,170,344,15,6,'Left/Centre'),(6102,170,345,19,6,'Centre/Right'),(6103,170,393,24,2,''),(6104,170,395,31,2,''),(6105,170,332,3,2,''),(6106,170,447,10,2,''),(6107,170,543,13,2,''),(6108,170,396,26,2,''),(6109,170,394,7,2,''),(6110,170,31,12,9,'Centre'),(6111,170,20,15,7,'Left'),(6112,170,36,6,7,'Left/Centre'),(6113,170,21,5,7,'Centre/Right'),(6114,170,134,4,7,'Right'),(6115,170,25,10,4,'Left/Centre'),(6116,170,24,21,4,'Centre'),(6117,170,33,11,4,'Centre/Right'),(6118,170,26,14,6,'Left/Centre'),(6119,170,35,19,6,'Centre'),(6120,170,23,7,6,'Centre/Right'),(6121,170,174,26,2,''),(6122,170,133,16,2,''),(6123,170,32,17,2,''),(6124,170,29,9,2,''),(6125,170,135,20,2,''),(6126,170,19,1,2,''),(6127,170,27,28,2,''),(6128,171,329,1,9,'Centre'),(6129,171,333,4,7,'Left'),(6130,171,331,17,7,'Left/Centre'),(6131,171,332,3,7,'Centre/Right'),(6132,171,336,6,7,'Right'),(6133,171,334,11,1,'Left/Centre'),(6134,171,335,5,1,'Centre/Right'),(6135,171,394,7,5,'Left'),(6136,171,337,8,5,'Centre'),(6137,171,344,15,5,'Right'),(6138,171,339,16,6,'Centre'),(6139,171,340,18,2,''),(6140,171,475,21,2,''),(6141,171,341,25,2,''),(6142,171,343,23,2,''),(6143,171,345,19,2,''),(6144,171,346,22,2,''),(6145,171,338,9,2,''),(6146,171,274,1,9,'Centre'),(6147,171,286,24,7,'Left/Centre'),(6148,171,275,3,7,'Centre'),(6149,171,277,2,7,'Centre/Right'),(6150,171,278,14,4,'Left'),(6151,171,279,33,4,'Left/Centre'),(6152,171,283,20,4,'Centre'),(6153,171,280,5,4,'Centre/Right'),(6154,171,495,7,4,'Right'),(6155,171,291,15,6,'Left/Centre'),(6156,171,284,21,6,'Centre/Right'),(6157,171,282,28,2,''),(6158,171,285,19,2,''),(6159,171,287,16,2,''),(6160,171,289,13,2,''),(6161,171,509,9,2,''),(6162,171,290,25,2,''),(6163,171,281,26,2,''),(6164,172,370,1,9,'Centre'),(6165,172,371,14,7,'Left'),(6166,172,372,6,7,'Left/Centre'),(6167,172,375,22,7,'Centre/Right'),(6168,172,374,23,7,'Right'),(6169,172,382,8,1,'Left/Centre'),(6170,172,389,5,1,'Centre/Right'),(6171,172,381,20,5,'Left'),(6172,172,378,26,5,'Centre'),(6173,172,379,11,5,'Right'),(6174,172,380,9,6,'Centre'),(6175,172,377,10,2,''),(6176,172,383,17,2,''),(6177,172,429,4,2,''),(6178,172,390,18,2,''),(6179,172,384,12,2,''),(6180,172,388,7,2,''),(6181,172,376,24,2,''),(6182,172,426,18,9,'Centre'),(6183,172,177,15,7,'Left'),(6184,172,180,21,7,'Left/Centre'),(6185,172,428,33,7,'Centre/Right'),(6186,172,188,8,7,'Right'),(6187,172,418,13,1,'Left/Centre'),(6188,172,419,5,1,'Centre/Right'),(6189,172,181,11,5,'Left'),(6190,172,427,14,5,'Centre'),(6191,172,184,28,5,'Right'),(6192,172,420,10,6,'Centre'),(6193,172,182,24,2,''),(6194,172,187,9,2,''),(6195,172,186,7,2,''),(6196,172,176,25,2,''),(6197,172,193,20,2,''),(6198,172,185,23,2,''),(6199,172,515,4,2,''),(6200,173,349,12,9,'Centre'),(6201,173,397,18,7,'Left'),(6202,173,351,24,7,'Left/Centre'),(6203,173,460,19,7,'Centre/Right'),(6204,173,364,31,7,'Right'),(6205,173,353,29,4,'Left'),(6206,173,354,21,4,'Left/Centre'),(6207,173,355,22,4,'Centre/Right'),(6208,173,360,7,4,'Right'),(6209,173,362,10,6,'Left/Centre'),(6210,173,366,14,6,'Centre/Right'),(6211,173,356,5,2,''),(6212,173,357,11,2,''),(6213,173,361,1,2,''),(6214,173,464,13,2,''),(6215,173,399,17,2,''),(6216,173,365,28,2,''),(6217,173,465,6,2,''),(6218,173,137,1,9,'Centre'),(6219,173,113,5,7,'Left'),(6220,173,111,13,7,'Left/Centre'),(6221,173,138,16,7,'Centre/Right'),(6222,173,542,3,7,'Right'),(6223,173,115,17,1,'Left/Centre'),(6224,173,140,15,1,'Centre/Right'),(6225,173,120,24,5,'Left'),(6226,173,118,7,5,'Centre'),(6227,173,121,10,5,'Right'),(6228,173,126,9,6,'Centre'),(6229,173,119,28,2,''),(6230,173,122,19,2,''),(6231,173,544,18,2,''),(6232,173,124,30,2,''),(6233,173,117,11,2,''),(6234,173,449,20,2,''),(6235,173,112,6,2,''),(6236,174,66,25,9,'Centre'),(6237,174,56,15,7,'Left'),(6238,174,58,3,7,'Left/Centre'),(6239,174,314,5,7,'Centre/Right'),(6240,174,315,27,7,'Right'),(6241,174,60,16,1,'Left/Centre'),(6242,174,61,6,1,'Centre/Right'),(6243,174,62,23,5,'Left'),(6244,174,63,8,5,'Centre'),(6245,174,316,14,5,'Right'),(6246,174,71,19,6,'Centre'),(6247,174,59,11,2,''),(6248,174,68,21,2,''),(6249,174,57,20,2,''),(6250,174,70,10,2,''),(6251,174,501,22,2,''),(6252,174,55,1,2,''),(6253,174,72,18,2,''),(6254,174,370,1,9,'Centre'),(6255,174,388,7,7,'Left'),(6256,174,372,6,7,'Left/Centre'),(6257,174,373,15,7,'Centre/Right'),(6258,174,386,2,7,'Right'),(6259,174,371,14,4,'Left/Centre'),(6260,174,375,22,4,'Centre'),(6261,174,382,8,4,'Centre/Right'),(6262,174,377,10,6,'Left/Centre'),(6263,174,378,26,6,'Centre'),(6264,174,376,24,6,'Centre/Right'),(6265,174,380,9,2,''),(6266,174,383,17,2,''),(6267,174,429,4,2,''),(6268,174,390,18,2,''),(6269,174,384,12,2,''),(6270,174,374,23,2,''),(6271,174,387,19,2,''),(6272,175,213,1,9,'Centre'),(6273,175,267,3,7,'Left/Centre'),(6274,175,226,29,7,'Centre'),(6275,175,216,23,7,'Centre/Right'),(6276,175,217,22,4,'Left'),(6277,175,219,28,4,'Left/Centre'),(6278,175,220,21,4,'Centre/Right'),(6279,175,221,27,4,'Right'),(6280,175,218,10,6,'Left/Centre'),(6281,175,228,11,6,'Centre'),(6282,175,223,17,6,'Centre/Right'),(6283,175,269,24,2,''),(6284,175,224,7,2,''),(6285,175,268,8,2,''),(6286,175,225,25,2,''),(6287,175,214,20,2,''),(6288,175,222,15,2,''),(6289,175,227,18,2,''),(6290,175,309,12,9,'Centre'),(6291,175,296,23,7,'Left'),(6292,175,469,6,7,'Left/Centre'),(6293,175,298,5,7,'Centre/Right'),(6294,175,486,28,7,'Right'),(6295,175,300,17,1,'Left/Centre'),(6296,175,472,22,1,'Centre/Right'),(6297,175,305,8,5,'Left'),(6298,175,303,10,5,'Centre'),(6299,175,484,11,5,'Right'),(6300,175,490,7,6,'Centre'),(6301,175,485,32,2,''),(6302,175,514,35,2,''),(6303,175,301,14,2,''),(6304,175,529,33,2,''),(6305,175,511,13,2,''),(6306,175,310,27,2,''),(6307,175,299,2,2,''),(6308,176,295,1,9,'Centre'),(6309,176,468,19,7,'Left'),(6310,176,469,6,7,'Left/Centre'),(6311,176,299,2,7,'Centre/Right'),(6312,176,486,28,7,'Right'),(6313,176,300,17,1,'Left/Centre'),(6314,176,472,22,1,'Centre/Right'),(6315,176,303,10,5,'Left'),(6316,176,301,14,5,'Centre'),(6317,176,484,11,5,'Right'),(6318,176,490,7,6,'Centre'),(6319,176,305,8,2,''),(6320,176,514,35,2,''),(6321,176,471,34,2,''),(6322,176,511,32,2,''),(6323,176,304,9,2,''),(6324,176,309,12,2,''),(6325,176,310,27,2,''),(6326,176,66,25,9,'Centre'),(6327,176,56,15,7,'Left'),(6328,176,58,3,7,'Left/Centre'),(6329,176,314,5,7,'Centre/Right'),(6330,176,315,27,7,'Right'),(6331,176,60,16,1,'Left/Centre'),(6332,176,61,6,1,'Centre/Right'),(6333,176,62,23,5,'Left'),(6334,176,63,8,5,'Centre'),(6335,176,316,14,5,'Right'),(6336,176,64,7,6,'Centre'),(6337,176,313,2,2,''),(6338,176,67,13,2,''),(6339,176,68,21,2,''),(6340,176,69,24,2,''),(6341,176,71,19,2,''),(6342,176,55,1,2,''),(6343,176,72,18,2,''),(6344,177,37,13,9,'Centre'),(6345,177,38,6,7,'Left'),(6346,177,40,3,7,'Left/Centre'),(6347,177,438,4,7,'Centre/Right'),(6348,177,41,7,7,'Right'),(6349,177,45,10,4,'Left/Centre'),(6350,177,43,8,4,'Centre'),(6351,177,42,20,4,'Centre/Right'),(6352,177,50,11,6,'Left/Centre'),(6353,177,48,24,6,'Centre'),(6354,177,47,14,6,'Centre/Right'),(6355,177,293,27,2,''),(6356,177,51,19,2,''),(6357,177,53,17,2,''),(6358,177,54,1,2,''),(6359,177,44,5,2,''),(6360,177,527,16,2,''),(6361,177,476,28,2,''),(6362,177,231,25,9,'Centre'),(6363,177,232,18,7,'Left'),(6364,177,234,2,7,'Left/Centre'),(6365,177,242,30,7,'Centre/Right'),(6366,177,453,17,7,'Right'),(6367,177,411,21,4,'Left/Centre'),(6368,177,233,5,4,'Centre'),(6369,177,238,20,4,'Centre/Right'),(6370,177,532,10,6,'Left/Centre'),(6371,177,241,11,6,'Centre'),(6372,177,240,28,6,'Centre/Right'),(6373,177,236,19,2,''),(6374,177,235,3,2,''),(6375,177,414,7,2,''),(6376,177,500,27,2,''),(6377,177,244,6,2,''),(6378,177,246,22,2,''),(6379,177,545,1,2,''),(6380,178,55,1,9,'Centre'),(6381,178,56,15,7,'Left'),(6382,178,58,3,7,'Left/Centre'),(6383,178,314,5,7,'Centre/Right'),(6384,178,315,27,7,'Right'),(6385,178,60,16,1,'Left/Centre'),(6386,178,68,21,1,'Centre/Right'),(6387,178,62,23,5,'Left'),(6388,178,64,7,5,'Centre'),(6389,178,70,10,5,'Right'),(6390,178,65,9,6,'Centre'),(6391,178,316,14,2,''),(6392,178,66,25,2,''),(6393,178,69,24,2,''),(6394,178,57,20,2,''),(6395,178,71,19,2,''),(6396,178,63,8,2,''),(6397,178,72,18,2,''),(6398,178,91,13,9,'Centre'),(6399,178,92,17,7,'Left'),(6400,178,93,6,7,'Left/Centre'),(6401,178,105,4,7,'Centre/Right'),(6402,178,95,8,7,'Right'),(6403,178,102,2,4,'Left/Centre'),(6404,178,94,3,4,'Centre'),(6405,178,99,10,4,'Centre/Right'),(6406,178,98,7,6,'Left/Centre'),(6407,178,106,9,6,'Centre'),(6408,178,100,11,6,'Centre/Right'),(6409,178,347,28,2,''),(6410,178,104,14,2,''),(6411,178,456,27,2,''),(6412,178,467,31,2,''),(6413,178,97,20,2,''),(6414,178,422,23,2,''),(6415,178,108,16,2,''),(6416,179,37,13,9,'Centre'),(6417,179,38,6,7,'Left'),(6418,179,40,3,7,'Left/Centre'),(6419,179,438,4,7,'Centre/Right'),(6420,179,41,7,7,'Right'),(6421,179,45,10,4,'Left/Centre'),(6422,179,53,17,4,'Centre'),(6423,179,43,8,4,'Centre/Right'),(6424,179,48,24,6,'Left/Centre'),(6425,179,46,15,6,'Centre'),(6426,179,47,14,6,'Centre/Right'),(6427,179,49,21,2,''),(6428,179,293,27,2,''),(6429,179,39,26,2,''),(6430,179,51,19,2,''),(6431,179,52,18,2,''),(6432,179,54,1,2,''),(6433,179,527,16,2,''),(6434,179,176,25,9,'Centre'),(6435,179,177,15,7,'Left'),(6436,179,491,2,7,'Left/Centre'),(6437,179,179,3,7,'Centre/Right'),(6438,179,193,20,7,'Right'),(6439,179,182,24,1,'Centre'),(6440,179,418,13,4,'Left'),(6441,179,180,21,4,'Right'),(6442,179,184,28,5,'Centre'),(6443,179,183,29,6,'Left/Centre'),(6444,179,187,9,6,'Centre/Right'),(6445,179,186,7,2,''),(6446,179,188,8,2,''),(6447,179,189,22,2,''),(6448,179,190,1,2,''),(6449,179,191,14,2,''),(6450,179,192,16,2,''),(6451,179,450,19,2,''),(6452,180,317,17,9,'Centre'),(6453,180,286,24,7,'Left'),(6454,180,493,31,7,'Left/Centre'),(6455,180,287,16,7,'Centre/Right'),(6456,180,77,33,7,'Right'),(6457,180,494,21,1,'Left/Centre'),(6458,180,321,8,1,'Centre/Right'),(6459,180,323,11,5,'Left'),(6460,180,283,20,5,'Centre'),(6461,180,282,28,5,'Right'),(6462,180,322,26,6,'Centre'),(6463,180,278,14,2,''),(6464,180,319,6,2,''),(6465,180,495,7,2,''),(6466,180,280,5,2,''),(6467,180,289,13,2,''),(6468,180,496,9,2,''),(6469,180,497,10,2,''),(6470,180,213,1,9,'Centre'),(6471,180,214,20,7,'Left/Centre'),(6472,180,226,29,7,'Centre'),(6473,180,216,23,7,'Centre/Right'),(6474,180,217,22,4,'Left'),(6475,180,219,28,4,'Left/Centre'),(6476,180,220,21,4,'Centre/Right'),(6477,180,221,27,4,'Right'),(6478,180,218,10,6,'Left/Centre'),(6479,180,489,9,6,'Centre'),(6480,180,223,17,6,'Centre/Right'),(6481,180,546,16,2,''),(6482,180,48,24,2,''),(6483,180,271,6,2,''),(6484,180,225,25,2,''),(6485,180,227,18,2,''),(6486,180,228,11,2,''),(6487,180,230,19,2,''),(6488,181,143,25,9,'Centre'),(6489,181,144,28,7,'Left'),(6490,181,145,13,7,'Left/Centre'),(6491,181,160,22,7,'Centre/Right'),(6492,181,147,4,7,'Right'),(6493,181,400,21,1,'Centre'),(6494,181,149,6,4,'Left'),(6495,181,150,20,4,'Right'),(6496,181,155,18,5,'Centre'),(6497,181,152,10,6,'Left/Centre'),(6498,181,401,17,6,'Centre/Right'),(6499,181,154,8,2,''),(6500,181,328,11,2,''),(6501,181,441,16,2,''),(6502,181,402,3,2,''),(6503,181,148,2,2,''),(6504,181,158,29,2,''),(6505,181,159,30,2,''),(6506,181,109,12,9,'Centre'),(6507,181,110,33,7,'Left'),(6508,181,111,13,7,'Left/Centre'),(6509,181,138,16,7,'Centre/Right'),(6510,181,113,5,7,'Right'),(6511,181,114,14,1,'Left'),(6512,181,115,17,1,'Centre'),(6513,181,140,15,1,'Right'),(6514,181,139,8,5,'Centre'),(6515,181,118,7,6,'Left/Centre'),(6516,181,117,11,6,'Centre/Right'),(6517,181,121,10,2,''),(6518,181,119,28,2,''),(6519,181,122,19,2,''),(6520,181,124,30,2,''),(6521,181,125,32,2,''),(6522,181,112,6,2,''),(6523,181,126,9,2,''),(6524,182,329,1,9,'Centre'),(6525,182,391,28,7,'Left'),(6526,182,330,2,7,'Left/Centre'),(6527,182,331,17,7,'Centre/Right'),(6528,182,336,6,7,'Right'),(6529,182,335,5,4,'Left/Centre'),(6530,182,334,11,4,'Centre'),(6531,182,337,8,4,'Centre/Right'),(6532,182,344,15,6,'Left/Centre'),(6533,182,338,9,6,'Centre'),(6534,182,447,10,6,'Centre/Right'),(6535,182,340,18,2,''),(6536,182,341,25,2,''),(6537,182,393,23,2,''),(6538,182,392,14,2,''),(6539,182,345,19,2,''),(6540,182,346,22,2,''),(6541,182,394,7,2,''),(6542,182,195,22,9,'Centre'),(6543,182,196,7,7,'Left'),(6544,182,197,5,7,'Left/Centre'),(6545,182,407,28,7,'Centre/Right'),(6546,182,404,27,7,'Right'),(6547,182,200,13,1,'Left/Centre'),(6548,182,198,26,1,'Centre/Right'),(6549,182,204,18,5,'Left'),(6550,182,203,10,5,'Centre'),(6551,182,212,11,5,'Right'),(6552,182,205,14,6,'Centre'),(6553,182,406,32,2,''),(6554,182,207,4,2,''),(6555,182,208,1,2,''),(6556,182,201,8,2,''),(6557,182,405,31,2,''),(6558,182,211,20,2,''),(6559,182,448,29,2,''),(6560,183,249,1,9,'Centre'),(6561,183,250,15,7,'Left'),(6562,183,264,14,7,'Left/Centre'),(6563,183,252,4,7,'Centre/Right'),(6564,183,253,6,7,'Right'),(6565,183,461,27,1,'Left'),(6566,183,263,23,1,'Centre'),(6567,183,433,7,1,'Right'),(6568,183,257,10,5,'Centre'),(6569,183,259,20,6,'Left/Centre'),(6570,183,265,9,6,'Centre/Right'),(6571,183,261,12,2,''),(6572,183,251,3,2,''),(6573,183,256,21,2,''),(6574,183,258,19,2,''),(6575,183,434,18,2,''),(6576,183,266,30,2,''),(6577,183,255,13,2,''),(6578,183,137,1,9,'Centre'),(6579,183,544,18,7,'Left'),(6580,183,111,13,7,'Left/Centre'),(6581,183,449,20,7,'Centre/Right'),(6582,183,116,23,7,'Right'),(6583,183,139,8,4,'Left/Centre'),(6584,183,140,15,4,'Centre'),(6585,183,115,17,4,'Centre/Right'),(6586,183,118,7,6,'Left/Centre'),(6587,183,122,19,6,'Centre'),(6588,183,142,26,6,'Centre/Right'),(6589,183,542,3,2,''),(6590,183,109,12,2,''),(6591,183,121,10,2,''),(6592,183,141,21,2,''),(6593,183,117,11,2,''),(6594,183,112,6,2,''),(6595,183,126,9,2,''),(6596,184,55,1,9,'Centre'),(6597,184,313,2,7,'Left'),(6598,184,58,3,7,'Left/Centre'),(6599,184,314,5,7,'Centre/Right'),(6600,184,315,27,7,'Right'),(6601,184,61,6,1,'Left/Centre'),(6602,184,72,18,1,'Centre/Right'),(6603,184,62,23,5,'Left'),(6604,184,63,8,5,'Centre'),(6605,184,503,31,5,'Right'),(6606,184,65,9,6,'Centre'),(6607,184,66,25,2,''),(6608,184,547,30,2,''),(6609,184,528,4,2,''),(6610,184,69,24,2,''),(6611,184,57,20,2,''),(6612,184,70,10,2,''),(6613,184,71,19,2,''),(6614,184,231,25,9,'Centre'),(6615,184,232,18,7,'Left'),(6616,184,248,8,7,'Left/Centre'),(6617,184,234,2,7,'Centre/Right'),(6618,184,498,4,7,'Right'),(6619,184,239,31,4,'Left/Centre'),(6620,184,238,20,4,'Centre'),(6621,184,452,14,4,'Centre/Right'),(6622,184,241,11,6,'Left/Centre'),(6623,184,243,15,6,'Centre'),(6624,184,415,23,6,'Centre/Right'),(6625,184,236,19,2,''),(6626,184,235,3,2,''),(6627,184,413,29,2,''),(6628,184,453,17,2,''),(6629,184,414,7,2,''),(6630,184,500,27,2,''),(6631,184,245,16,2,''),(6632,185,295,1,9,'Centre'),(6633,185,300,17,7,'Left'),(6634,185,469,6,7,'Left/Centre'),(6635,185,486,28,7,'Centre/Right'),(6636,185,482,16,7,'Right'),(6637,185,483,24,1,'Left/Centre'),(6638,185,310,27,1,'Centre/Right'),(6639,185,470,15,5,'Left'),(6640,185,303,10,5,'Centre'),(6641,185,484,11,5,'Right'),(6642,185,307,20,6,'Centre'),(6643,185,306,3,2,''),(6644,185,305,8,2,''),(6645,185,468,19,2,''),(6646,185,301,14,2,''),(6647,185,304,9,2,''),(6648,185,309,12,2,''),(6649,185,296,23,2,''),(6650,185,1,22,9,'Centre'),(6651,185,172,18,7,'Left/Centre'),(6652,185,3,2,7,'Centre'),(6653,185,127,4,7,'Centre/Right'),(6654,185,2,13,4,'Left'),(6655,185,170,7,4,'Left/Centre'),(6656,185,6,6,4,'Centre'),(6657,185,7,5,4,'Centre/Right'),(6658,185,128,11,4,'Right'),(6659,185,10,21,6,'Left/Centre'),(6660,185,8,10,6,'Centre/Right'),(6661,185,4,23,2,''),(6662,185,171,19,2,''),(6663,185,13,1,2,''),(6664,185,169,17,2,''),(6665,185,437,20,2,''),(6666,185,16,16,2,''),(6667,185,5,14,2,''),(6668,186,91,13,9,'Centre'),(6669,186,103,30,7,'Left'),(6670,186,93,6,7,'Left/Centre'),(6671,186,94,3,7,'Centre/Right'),(6672,186,95,8,7,'Right'),(6673,186,104,14,1,'Left/Centre'),(6674,186,99,10,1,'Centre/Right'),(6675,186,98,7,5,'Left'),(6676,186,457,18,5,'Centre'),(6677,186,100,11,5,'Right'),(6678,186,101,22,6,'Centre'),(6679,186,347,28,2,''),(6680,186,548,21,2,''),(6681,186,105,4,2,''),(6682,186,106,9,2,''),(6683,186,549,12,2,''),(6684,186,107,19,2,''),(6685,186,97,20,2,''),(6686,186,329,1,9,'Centre'),(6687,186,333,4,7,'Left'),(6688,186,330,2,7,'Left/Centre'),(6689,186,331,17,7,'Centre/Right'),(6690,186,336,6,7,'Right'),(6691,186,392,14,1,'Left/Centre'),(6692,186,334,11,1,'Centre/Right'),(6693,186,335,5,5,'Left'),(6694,186,394,7,5,'Centre'),(6695,186,344,15,5,'Right'),(6696,186,339,16,6,'Centre'),(6697,186,540,13,2,''),(6698,186,337,8,2,''),(6699,186,340,18,2,''),(6700,186,332,3,2,''),(6701,186,447,10,2,''),(6702,186,346,12,2,''),(6703,186,338,9,2,''),(6704,187,19,1,9,'Centre'),(6705,187,36,6,7,'Left'),(6706,187,132,3,7,'Left/Centre'),(6707,187,22,2,7,'Centre/Right'),(6708,187,27,28,7,'Right'),(6709,187,25,10,1,'Left/Centre'),(6710,187,24,21,1,'Centre/Right'),(6711,187,133,16,5,'Left'),(6712,187,33,11,5,'Centre'),(6713,187,194,8,5,'Right'),(6714,187,135,20,6,'Centre'),(6715,187,174,26,2,''),(6716,187,20,15,2,''),(6717,187,31,12,2,''),(6718,187,23,7,2,''),(6719,187,26,14,2,''),(6720,187,136,23,2,''),(6721,187,21,5,2,''),(6722,187,317,17,9,'Centre'),(6723,187,286,24,7,'Left/Centre'),(6724,187,319,6,7,'Centre'),(6725,187,287,16,7,'Centre/Right'),(6726,187,280,5,1,'Centre'),(6727,187,278,14,4,'Left'),(6728,187,495,7,4,'Right'),(6729,187,283,20,5,'Left/Centre'),(6730,187,324,32,5,'Centre/Right'),(6731,187,322,26,6,'Left/Centre'),(6732,187,320,30,6,'Centre/Right'),(6733,187,275,3,2,''),(6734,187,282,28,2,''),(6735,187,288,34,2,''),(6736,187,455,22,2,''),(6737,187,289,13,2,''),(6738,187,323,11,2,''),(6739,187,290,25,2,''),(6740,188,66,25,9,'Centre'),(6741,188,56,15,7,'Left'),(6742,188,58,3,7,'Left/Centre'),(6743,188,314,5,7,'Centre/Right'),(6744,188,59,11,7,'Right'),(6745,188,68,21,1,'Left/Centre'),(6746,188,61,6,1,'Centre/Right'),(6747,188,62,23,5,'Left'),(6748,188,72,18,5,'Centre'),(6749,188,63,8,5,'Right'),(6750,188,65,9,6,'Centre'),(6751,188,316,14,2,''),(6752,188,64,7,2,''),(6753,188,67,13,2,''),(6754,188,69,24,2,''),(6755,188,57,20,2,''),(6756,188,60,16,2,''),(6757,188,55,1,2,''),(6758,188,73,1,9,'Centre'),(6759,188,88,21,7,'Left'),(6760,188,75,5,7,'Left/Centre'),(6761,188,165,2,7,'Centre/Right'),(6762,188,87,26,7,'Right'),(6763,188,78,11,4,'Left/Centre'),(6764,188,79,8,4,'Centre'),(6765,188,166,14,4,'Centre/Right'),(6766,188,80,10,6,'Left/Centre'),(6767,188,83,9,6,'Centre'),(6768,188,368,19,6,'Centre/Right'),(6769,188,81,18,2,''),(6770,188,82,15,2,''),(6771,188,86,16,2,''),(6772,188,161,4,2,''),(6773,188,167,12,2,''),(6774,188,164,20,2,''),(6775,188,90,30,2,''),(6776,189,225,25,9,'Centre'),(6777,189,214,20,7,'Left'),(6778,189,267,3,7,'Left/Centre'),(6779,189,226,29,7,'Centre/Right'),(6780,189,216,23,7,'Right'),(6781,189,272,9,4,'Left'),(6782,189,220,21,4,'Left/Centre'),(6783,189,269,24,4,'Centre/Right'),(6784,189,217,22,4,'Right'),(6785,189,228,11,6,'Left/Centre'),(6786,189,270,14,6,'Centre/Right'),(6787,189,218,10,2,''),(6788,189,221,27,2,''),(6789,189,224,7,2,''),(6790,189,271,6,2,''),(6791,189,273,12,2,''),(6792,189,227,18,2,''),(6793,189,229,30,2,''),(6794,189,231,25,9,'Centre'),(6795,189,247,24,7,'Left'),(6796,189,233,5,7,'Left/Centre'),(6797,189,242,30,7,'Centre/Right'),(6798,189,235,3,7,'Right'),(6799,189,246,22,1,'Left'),(6800,189,238,20,1,'Centre'),(6801,189,411,21,1,'Right'),(6802,189,237,9,5,'Centre'),(6803,189,241,11,6,'Left/Centre'),(6804,189,240,28,6,'Centre/Right'),(6805,189,236,19,2,''),(6806,189,412,12,2,''),(6807,189,243,15,2,''),(6808,189,239,31,2,''),(6809,189,415,23,2,''),(6810,189,232,18,2,''),(6811,189,452,14,2,''),(6812,190,295,1,9,'Centre'),(6813,190,468,19,7,'Left'),(6814,190,469,6,7,'Left/Centre'),(6815,190,298,5,7,'Centre/Right'),(6816,190,486,28,7,'Right'),(6817,190,300,17,1,'Left/Centre'),(6818,190,472,22,1,'Centre/Right'),(6819,190,310,27,5,'Left'),(6820,190,303,10,5,'Centre'),(6821,190,305,8,5,'Right'),(6822,190,485,32,6,'Centre'),(6823,190,483,24,2,''),(6824,190,533,18,2,''),(6825,190,470,15,2,''),(6826,190,482,16,2,''),(6827,190,490,7,2,''),(6828,190,309,12,2,''),(6829,190,296,23,2,''),(6830,190,231,25,9,'Centre'),(6831,190,232,18,7,'Left'),(6832,190,248,8,7,'Left/Centre'),(6833,190,234,2,7,'Centre/Right'),(6834,190,452,14,7,'Right'),(6835,190,237,9,4,'Left/Centre'),(6836,190,233,5,4,'Centre'),(6837,190,238,20,4,'Centre/Right'),(6838,190,236,19,6,'Left/Centre'),(6839,190,240,28,6,'Centre'),(6840,190,415,23,6,'Centre/Right'),(6841,190,235,3,2,''),(6842,190,243,15,2,''),(6843,190,239,31,2,''),(6844,190,500,27,2,''),(6845,190,244,6,2,''),(6846,190,245,16,2,''),(6847,190,411,21,2,''),(6848,191,1,22,9,'Centre'),(6849,191,2,13,7,'Left'),(6850,191,127,4,7,'Left/Centre'),(6851,191,3,2,7,'Centre/Right'),(6852,191,128,11,7,'Right'),(6853,191,10,21,4,'Left'),(6854,191,7,5,4,'Left/Centre'),(6855,191,6,6,4,'Centre/Right'),(6856,191,8,10,4,'Right'),(6857,191,11,9,6,'Left/Centre'),(6858,191,9,8,6,'Centre/Right'),(6859,191,4,23,2,''),(6860,191,12,17,2,''),(6861,191,13,1,2,''),(6862,191,130,27,2,''),(6863,191,16,16,2,''),(6864,191,5,14,2,''),(6865,191,17,25,2,''),(6866,191,370,1,9,'Centre'),(6867,191,388,7,7,'Left'),(6868,191,372,6,7,'Left/Centre'),(6869,191,373,15,7,'Centre/Right'),(6870,191,374,23,7,'Right'),(6871,191,375,22,1,'Left/Centre'),(6872,191,382,8,1,'Centre/Right'),(6873,191,377,10,5,'Left'),(6874,191,376,24,5,'Centre'),(6875,191,381,20,5,'Right'),(6876,191,378,26,6,'Centre'),(6877,191,371,14,2,''),(6878,191,466,3,2,''),(6879,191,380,9,2,''),(6880,191,384,12,2,''),(6881,191,389,5,2,''),(6882,191,387,19,2,''),(6883,191,379,11,2,''),(6884,192,66,25,9,'Centre'),(6885,192,56,15,7,'Left'),(6886,192,58,3,7,'Left/Centre'),(6887,192,314,5,7,'Centre/Right'),(6888,192,315,27,7,'Right'),(6889,192,62,23,4,'Left'),(6890,192,61,6,4,'Left/Centre'),(6891,192,60,16,4,'Centre/Right'),(6892,192,316,14,4,'Right'),(6893,192,65,9,6,'Left/Centre'),(6894,192,64,7,6,'Centre/Right'),(6895,192,67,13,2,''),(6896,192,68,21,2,''),(6897,192,70,10,2,''),(6898,192,71,19,2,''),(6899,192,55,1,2,''),(6900,192,63,8,2,''),(6901,192,72,18,2,''),(6902,192,143,25,9,'Centre'),(6903,192,144,28,7,'Left'),(6904,192,145,13,7,'Left/Centre'),(6905,192,146,26,7,'Centre/Right'),(6906,192,147,4,7,'Right'),(6907,192,149,6,1,'Left'),(6908,192,148,2,1,'Centre'),(6909,192,150,20,1,'Right'),(6910,192,152,10,5,'Centre'),(6911,192,153,7,6,'Left/Centre'),(6912,192,328,9,6,'Centre/Right'),(6913,192,154,8,2,''),(6914,192,155,18,2,''),(6915,192,157,19,2,''),(6916,192,158,29,2,''),(6917,192,151,23,2,''),(6918,192,159,30,2,''),(6919,192,160,22,2,''),(6920,193,231,25,9,'Centre'),(6921,193,234,2,7,'Left/Centre'),(6922,193,248,8,7,'Centre'),(6923,193,242,30,7,'Centre/Right'),(6924,193,247,24,4,'Left'),(6925,193,233,5,4,'Left/Centre'),(6926,193,236,19,4,'Centre'),(6927,193,238,20,4,'Centre/Right'),(6928,193,411,21,4,'Right'),(6929,193,243,15,6,'Left/Centre'),(6930,193,240,28,6,'Centre/Right'),(6931,193,235,3,2,''),(6932,193,414,7,2,''),(6933,193,500,27,2,''),(6934,193,415,23,2,''),(6935,193,245,16,2,''),(6936,193,246,22,2,''),(6937,193,232,18,2,''),(6938,193,329,1,9,'Centre'),(6939,193,391,28,7,'Left/Centre'),(6940,193,330,2,7,'Centre'),(6941,193,331,17,7,'Centre/Right'),(6942,193,333,4,4,'Left'),(6943,193,334,11,4,'Left/Centre'),(6944,193,392,14,4,'Centre'),(6945,193,335,5,4,'Centre/Right'),(6946,193,336,6,4,'Right'),(6947,193,338,9,6,'Left/Centre'),(6948,193,344,15,6,'Centre/Right'),(6949,193,337,8,2,''),(6950,193,395,31,2,''),(6951,193,447,10,2,''),(6952,193,396,26,2,''),(6953,193,345,19,2,''),(6954,193,346,22,2,''),(6955,193,394,7,2,''),(6956,194,137,1,9,'Centre'),(6957,194,544,18,7,'Left'),(6958,194,111,13,7,'Left/Centre'),(6959,194,138,16,7,'Centre/Right'),(6960,194,116,23,7,'Right'),(6961,194,139,8,4,'Left/Centre'),(6962,194,140,15,4,'Centre'),(6963,194,115,17,4,'Centre/Right'),(6964,194,118,7,6,'Left/Centre'),(6965,194,122,19,6,'Centre'),(6966,194,142,26,6,'Centre/Right'),(6967,194,542,3,2,''),(6968,194,109,12,2,''),(6969,194,121,10,2,''),(6970,194,117,11,2,''),(6971,194,449,20,2,''),(6972,194,112,6,2,''),(6973,194,126,9,2,''),(6974,194,317,17,9,'Centre'),(6975,194,286,24,7,'Left/Centre'),(6976,194,319,6,7,'Centre'),(6977,194,275,3,7,'Centre/Right'),(6978,194,278,14,4,'Left'),(6979,194,279,33,4,'Left/Centre'),(6980,194,280,5,4,'Centre/Right'),(6981,194,495,7,4,'Right'),(6982,194,281,26,5,'Centre'),(6983,194,290,25,6,'Left/Centre'),(6984,194,509,9,6,'Centre/Right'),(6985,194,538,23,2,''),(6986,194,285,19,2,''),(6987,194,274,1,2,''),(6988,194,455,22,2,''),(6989,194,284,21,2,''),(6990,194,320,30,2,''),(6991,194,283,20,2,''),(6992,195,249,1,9,'Centre'),(6993,195,250,15,7,'Left'),(6994,195,262,17,7,'Left/Centre'),(6995,195,252,4,7,'Centre/Right'),(6996,195,260,8,7,'Right'),(6997,195,256,21,1,'Centre'),(6998,195,255,13,4,'Left'),(6999,195,253,6,4,'Right'),(7000,195,257,10,5,'Centre'),(7001,195,258,19,6,'Left/Centre'),(7002,195,259,20,6,'Centre/Right'),(7003,195,519,31,2,''),(7004,195,264,14,2,''),(7005,195,432,29,2,''),(7006,195,433,7,2,''),(7007,195,265,9,2,''),(7008,195,266,30,2,''),(7009,195,521,32,2,''),(7010,195,31,12,9,'Centre'),(7011,195,21,5,7,'Left/Centre'),(7012,195,132,3,7,'Centre'),(7013,195,134,4,7,'Centre/Right'),(7014,195,20,15,4,'Left'),(7015,195,36,6,4,'Left/Centre'),(7016,195,24,21,4,'Centre/Right'),(7017,195,32,17,4,'Right'),(7018,195,133,16,5,'Left/Centre'),(7019,195,33,11,5,'Centre/Right'),(7020,195,29,9,6,'Centre'),(7021,195,23,7,2,''),(7022,195,22,2,2,''),(7023,195,135,20,2,''),(7024,195,194,8,2,''),(7025,195,19,1,2,''),(7026,195,173,22,2,''),(7027,195,35,19,2,''),(7028,196,370,1,9,'Centre'),(7029,196,388,7,7,'Left'),(7030,196,372,6,7,'Left/Centre'),(7031,196,373,15,7,'Centre/Right'),(7032,196,386,2,7,'Right'),(7033,196,376,24,4,'Left/Centre'),(7034,196,375,22,4,'Centre'),(7035,196,382,8,4,'Centre/Right'),(7036,196,377,10,6,'Left/Centre'),(7037,196,378,26,6,'Centre'),(7038,196,383,17,6,'Centre/Right'),(7039,196,371,14,2,''),(7040,196,380,9,2,''),(7041,196,390,18,2,''),(7042,196,384,12,2,''),(7043,196,374,23,2,''),(7044,196,385,27,2,''),(7045,196,387,19,2,''),(7046,196,249,1,9,'Centre'),(7047,196,250,15,7,'Left'),(7048,196,251,3,7,'Left/Centre'),(7049,196,262,17,7,'Centre/Right'),(7050,196,260,8,7,'Right'),(7051,196,521,32,1,'Left/Centre'),(7052,196,256,21,1,'Centre/Right'),(7053,196,266,30,5,'Left'),(7054,196,257,10,5,'Centre'),(7055,196,433,7,5,'Right'),(7056,196,259,20,6,'Centre'),(7057,196,519,31,2,''),(7058,196,263,23,2,''),(7059,196,432,29,2,''),(7060,196,252,4,2,''),(7061,196,258,19,2,''),(7062,196,255,13,2,''),(7063,196,253,6,2,''),(7064,197,384,12,9,'Centre'),(7065,197,371,14,7,'Left'),(7066,197,373,15,7,'Left/Centre'),(7067,197,429,4,7,'Centre/Right'),(7068,197,374,23,7,'Right'),(7069,197,382,8,1,'Left/Centre'),(7070,197,389,5,1,'Centre/Right'),(7071,197,377,10,5,'Left'),(7072,197,381,20,5,'Centre'),(7073,197,379,11,5,'Right'),(7074,197,380,9,6,'Centre'),(7075,197,383,17,2,''),(7076,197,370,1,2,''),(7077,197,410,21,2,''),(7078,197,378,26,2,''),(7079,197,385,27,2,''),(7080,197,376,24,2,''),(7081,197,387,19,2,''),(7082,197,213,1,9,'Centre'),(7083,197,267,3,7,'Left'),(7084,197,216,23,7,'Left/Centre'),(7085,197,226,29,7,'Centre/Right'),(7086,197,217,22,7,'Right'),(7087,197,535,16,4,'Left/Centre'),(7088,197,220,21,4,'Centre'),(7089,197,269,24,4,'Centre/Right'),(7090,197,218,10,6,'Left/Centre'),(7091,197,270,14,6,'Centre'),(7092,197,223,17,6,'Centre/Right'),(7093,197,219,28,2,''),(7094,197,221,27,2,''),(7095,197,224,7,2,''),(7096,197,272,9,2,''),(7097,197,273,12,2,''),(7098,197,227,18,2,''),(7099,197,228,11,2,''),(7100,198,249,1,9,'Centre'),(7101,198,250,15,7,'Left'),(7102,198,251,3,7,'Left/Centre'),(7103,198,262,17,7,'Centre/Right'),(7104,198,260,8,7,'Right'),(7105,198,266,30,4,'Left'),(7106,198,256,21,4,'Left/Centre'),(7107,198,521,32,4,'Centre/Right'),(7108,198,433,7,4,'Right'),(7109,198,259,20,6,'Left/Centre'),(7110,198,257,10,6,'Centre/Right'),(7111,198,519,31,2,''),(7112,198,263,23,2,''),(7113,198,432,29,2,''),(7114,198,252,4,2,''),(7115,198,258,19,2,''),(7116,198,255,13,2,''),(7117,198,253,6,2,''),(7118,198,317,17,9,'Centre'),(7119,198,286,24,7,'Left'),(7120,198,318,37,7,'Left/Centre'),(7121,198,319,6,7,'Centre/Right'),(7122,198,287,16,7,'Right'),(7123,198,280,5,1,'Left/Centre'),(7124,198,321,8,1,'Centre/Right'),(7125,198,278,14,5,'Left'),(7126,198,283,20,5,'Centre'),(7127,198,320,30,5,'Right'),(7128,198,322,26,6,'Centre'),(7129,198,275,3,2,''),(7130,198,282,28,2,''),(7131,198,289,13,2,''),(7132,198,323,11,2,''),(7133,198,291,15,2,''),(7134,198,281,35,2,''),(7135,198,324,32,2,''),(7136,199,426,18,9,'Centre'),(7137,199,416,27,7,'Left'),(7138,199,179,3,7,'Left/Centre'),(7139,199,180,21,7,'Centre/Right'),(7140,199,193,20,7,'Right'),(7141,199,188,8,1,'Left/Centre'),(7142,199,418,13,1,'Centre/Right'),(7143,199,184,28,5,'Left'),(7144,199,427,14,5,'Centre'),(7145,199,187,9,5,'Right'),(7146,199,420,10,6,'Centre'),(7147,199,182,24,2,''),(7148,199,186,7,2,''),(7149,199,421,31,2,''),(7150,199,177,15,2,''),(7151,199,176,25,2,''),(7152,199,428,33,2,''),(7153,199,192,16,2,''),(7154,199,317,17,9,'Centre'),(7155,199,286,24,7,'Left'),(7156,199,318,37,7,'Left/Centre'),(7157,199,493,31,7,'Centre/Right'),(7158,199,282,28,7,'Right'),(7159,199,321,8,1,'Left/Centre'),(7160,199,455,22,1,'Centre/Right'),(7161,199,323,11,5,'Left'),(7162,199,494,21,5,'Centre'),(7163,199,77,33,5,'Right'),(7164,199,322,26,6,'Centre'),(7165,199,278,14,2,''),(7166,199,319,6,2,''),(7167,199,287,16,2,''),(7168,199,274,1,2,''),(7169,199,280,5,2,''),(7170,199,290,25,2,''),(7171,199,496,9,2,''),(7172,199,497,10,2,''),(7173,199,283,20,2,'');
/*!40000 ALTER TABLE `lineups` ENABLE KEYS */;
UNLOCK TABLES;

--
-- Table structure for table `match_version_1`
--

DROP TABLE IF EXISTS `match_version_1`;
/*!40101 SET @saved_cs_client     = @@character_set_client */;
/*!40101 SET character_set_client = utf8 */;
CREATE TABLE `match_version_1` (
  `matchId` bigint(20) unsigned NOT NULL AUTO_INCREMENT,
  `contestant0Id` bigint(20) unsigned DEFAULT NULL COMMENT 'id of the first team',
  `contestant0Name` varchar(255) DEFAULT NULL COMMENT 'name of the first team',
  `contestant0ShortName` varchar(255) DEFAULT NULL COMMENT 'short name of the first team',
  `contestant1Id` bigint(20) unsigned DEFAULT NULL COMMENT 'id of the second team',
  `contestant1Name` varchar(255) DEFAULT NULL COMMENT 'name of the second team',
  `contestant1ShortName` varchar(255) DEFAULT NULL COMMENT 'short name of the second team',
  `contestant1Position` varchar(100) DEFAULT NULL COMMENT 'home/away',
  `contestant1LineUpStrategy` varchar(100) DEFAULT NULL COMMENT 'line up strategy as a sequence of numbers, e.g. 433',
  `contestant0Position` varchar(100) DEFAULT NULL COMMENT 'home/away',
  `contestant0LineUpStrategy` varchar(100) DEFAULT NULL COMMENT 'line up strategy as a sequence of numbers, e.g. 433',
  `date` varchar(255) DEFAULT NULL COMMENT 'date schedule for the match',
  `time` datetime DEFAULT NULL COMMENT 'start time for the match',
  `description` blob DEFAULT NULL COMMENT 'text label for the match',
  `venueId` bigint(20) unsigned DEFAULT NULL COMMENT 'foreign key to the venue table for the match',
  `scoreAway` bigint(20) unsigned DEFAULT NULL COMMENT 'number of scored goals of away team',
  `scoreHome` bigint(20) unsigned DEFAULT NULL COMMENT 'number of scored goals of home team',
  `winner` varchar(100) DEFAULT NULL COMMENT 'home/away',
  `matchLengthMin` int(10) unsigned NOT NULL COMMENT 'number of minutes that the match lasted',
  `matchLengthSec` int(10) unsigned NOT NULL COMMENT 'number of seconds that the match lasted',
  PRIMARY KEY (`matchId`)
) ENGINE=InnoDB DEFAULT CHARSET=utf8mb4;
/*!40101 SET character_set_client = @saved_cs_client */;

--
-- Dumping data for table `match_version_1`
--

LOCK TABLES `match_version_1` WRITE;
/*!40000 ALTER TABLE `match_version_1` DISABLE KEYS */;
/*!40000 ALTER TABLE `match_version_1` ENABLE KEYS */;
UNLOCK TABLES;

--
-- Table structure for table `matches`
--

DROP TABLE IF EXISTS `matches`;
/*!40101 SET @saved_cs_client     = @@character_set_client */;
/*!40101 SET character_set_client = utf8 */;
CREATE TABLE `matches` (
  `id` bigint(20) unsigned NOT NULL AUTO_INCREMENT,
  `contestant0_id` bigint(20) unsigned NOT NULL COMMENT 'FK to contestants table (first team)',
  `contestant1_id` bigint(20) unsigned NOT NULL COMMENT 'FK to contestants table (first team)',
  `date` date NOT NULL COMMENT 'date schedule for the match',
  `time` datetime NOT NULL COMMENT 'start time for the match',
  `description` varchar(255) DEFAULT NULL COMMENT 'text label for the match',
  `venue_id` bigint(20) unsigned NOT NULL COMMENT 'FK to the venues table',
  `score_away` int(10) unsigned NOT NULL DEFAULT 0 COMMENT 'number of scored goals of away team',
  `score_home` int(10) unsigned NOT NULL DEFAULT 0 COMMENT 'number of scored goals of home team',
  `winner_id` bigint(20) unsigned DEFAULT NULL COMMENT 'FK to winning team, null if draw',
  `match_length_min` int(10) unsigned NOT NULL COMMENT 'number of minutes that the match lasted',
  `match_length_sec` int(10) unsigned NOT NULL COMMENT 'number of seconds that the match lasted',
  `contestant0_position` varchar(100) DEFAULT NULL COMMENT 'home/away',
  `contestant1_position` varchar(100) DEFAULT NULL COMMENT 'home/away',
  PRIMARY KEY (`id`),
  KEY `matches_FK` (`contestant0_id`),
  KEY `matches_FK_1` (`contestant1_id`),
  KEY `matches_FK_2` (`winner_id`),
  KEY `matches_FK_3` (`venue_id`),
  CONSTRAINT `matches_FK` FOREIGN KEY (`contestant0_id`) REFERENCES `contestants` (`id`) ON DELETE CASCADE ON UPDATE CASCADE,
  CONSTRAINT `matches_FK_1` FOREIGN KEY (`contestant1_id`) REFERENCES `contestants` (`id`) ON DELETE CASCADE ON UPDATE CASCADE,
  CONSTRAINT `matches_FK_2` FOREIGN KEY (`winner_id`) REFERENCES `contestants` (`id`) ON DELETE CASCADE ON UPDATE CASCADE,
  CONSTRAINT `matches_FK_3` FOREIGN KEY (`venue_id`) REFERENCES `venues` (`id`) ON DELETE CASCADE ON UPDATE CASCADE
) ENGINE=InnoDB AUTO_INCREMENT=200 DEFAULT CHARSET=utf8mb4;
/*!40101 SET character_set_client = @saved_cs_client */;

--
-- Dumping data for table `matches`
--

LOCK TABLES `matches` WRITE;
/*!40000 ALTER TABLE `matches` DISABLE KEYS */;
INSERT INTO `matches` VALUES (1,1,2,'2020-12-12','2020-12-12 23:30:00','Universidad Concepción vs Audax Italiano',1,1,3,1,96,0,'home','away'),(2,3,4,'2020-03-15','2020-03-15 21:00:00','Unión Española vs Huachipato',2,4,4,NULL,103,20,'home','away'),(3,5,6,'2020-02-02','2020-02-02 21:00:00','Universidad Católica vs O\'Higgins',3,2,3,5,99,8,'home','away'),(4,7,1,'2020-11-18','2020-11-18 13:30:00','Curicó Unido vs Universidad Concepción',4,2,2,NULL,104,59,'home','away'),(5,2,7,'2020-09-26','2020-09-26 21:30:00','Audax Italiano vs Curicó Unido',5,0,0,NULL,100,6,'home','away'),(6,8,5,'2020-09-26','2020-09-26 19:00:00','Everton vs Universidad Católica',6,2,2,NULL,95,53,'home','away'),(7,1,7,'2020-02-17','2020-02-17 00:00:00','Universidad Concepción vs Curicó Unido',1,2,1,7,95,59,'home','away'),(8,2,9,'2020-02-23','2020-02-23 23:00:00','Audax Italiano vs Palestino',7,1,0,9,99,2,'home','away'),(9,2,10,'2020-01-25','2020-01-25 23:30:00','Audax Italiano vs Cobresal',5,1,4,2,94,59,'home','away'),(10,11,1,'2020-10-21','2020-10-21 16:30:00','Coquimbo Unido vs Universidad Concepción',8,2,0,1,99,58,'home','away'),(11,12,13,'2020-09-10','2020-09-10 19:00:00','Deportes Iquique vs Universidad de Chile',9,2,0,13,95,56,'home','away'),(12,11,14,'2020-03-01','2020-03-01 15:00:00','Coquimbo Unido vs La Serena',8,1,2,11,96,8,'home','away'),(13,3,15,'2020-12-12','2020-12-12 21:00:00','Unión Española vs Colo Colo',2,2,1,15,98,41,'home','away'),(14,4,14,'2020-09-25','2020-09-25 21:30:00','Huachipato vs La Serena',10,1,1,NULL,103,2,'home','away'),(15,8,16,'2020-02-22','2020-02-22 23:30:00','Everton vs Unión La Calera',6,1,0,16,97,0,'home','away'),(16,6,17,'2020-02-10','2020-02-10 21:00:00','O\'Higgins vs Santiago Wanderers',11,1,2,6,101,17,'home','away'),(17,5,18,'2020-11-23','2020-11-23 00:30:00','Universidad Católica vs Deportivo Antofagasta',3,3,5,5,96,7,'home','away'),(18,18,16,'2020-10-30','2020-10-30 14:00:00','Deportivo Antofagasta vs Unión La Calera',12,1,3,18,104,14,'home','away'),(19,17,8,'2020-12-13','2020-12-13 22:15:00','Santiago Wanderers vs Everton',13,1,2,17,104,23,'home','away'),(20,10,5,'2020-03-14','2020-03-14 15:00:00','Cobresal vs Universidad Católica',14,1,0,5,98,54,'home','away'),(21,3,1,'2020-12-03','2020-12-03 23:00:00','Unión Española vs Universidad Concepción',2,1,1,NULL,98,17,'home','away'),(22,18,5,'2020-02-09','2020-02-09 15:00:00','Deportivo Antofagasta vs Universidad Católica',12,3,2,5,101,34,'home','away'),(23,5,12,'2020-02-21','2020-02-21 21:30:00','Universidad Católica vs Deportes Iquique',3,1,3,5,97,7,'home','away'),(24,16,9,'2020-10-11','2020-10-11 19:00:00','Unión La Calera vs Palestino',15,0,1,16,99,4,'home','away'),(25,6,9,'2020-11-17','2020-11-17 13:30:00','O\'Higgins vs Palestino',11,0,1,6,97,3,'home','away'),(26,8,18,'2020-09-10','2020-09-10 21:30:00','Everton vs Deportivo Antofagasta',6,0,0,NULL,96,15,'home','away'),(27,3,13,'2020-09-27','2020-09-27 19:00:00','Unión Española vs Universidad de Chile',2,1,3,3,96,34,'home','away'),(28,1,3,'2020-09-03','2020-09-03 15:00:00','Universidad Concepción vs Unión Española',1,3,2,3,101,47,'home','away'),(29,10,8,'2020-02-16','2020-02-16 15:00:00','Cobresal vs Everton',14,1,1,NULL,95,39,'home','away'),(30,3,16,'2020-11-14','2020-11-14 21:30:00','Unión Española vs Unión La Calera',2,2,3,3,102,7,'home','away'),(31,10,7,'2020-09-09','2020-09-09 16:30:00','Cobresal vs Curicó Unido',14,0,4,10,96,21,'home','away'),(32,9,13,'2020-08-30','2020-08-30 20:00:00','Palestino vs Universidad de Chile',3,2,2,NULL,96,13,'home','away'),(33,11,4,'2020-08-29','2020-08-29 20:00:00','Coquimbo Unido vs Huachipato',8,2,1,4,100,2,'home','away'),(34,12,18,'2020-02-16','2020-02-16 00:30:00','Deportes Iquique vs Deportivo Antofagasta',9,4,0,18,96,16,'home','away'),(35,1,12,'2020-10-15','2020-10-15 14:00:00','Universidad Concepción vs Deportes Iquique',1,1,1,NULL,96,54,'home','away'),(36,12,4,'2020-09-05','2020-09-05 15:00:00','Deportes Iquique vs Huachipato',9,0,1,12,96,13,'home','away'),(37,12,14,'2020-10-20','2020-10-20 14:00:00','Deportes Iquique vs La Serena',9,0,2,12,95,50,'home','away'),(38,6,7,'2020-10-20','2020-10-20 19:00:00','O\'Higgins vs Curicó Unido',11,2,2,NULL,98,5,'home','away'),(39,8,1,'2020-01-24','2020-01-24 21:30:00','Everton vs Universidad Concepción',6,1,2,8,98,27,'home','away'),(40,17,13,'2020-02-15','2020-02-15 15:00:00','Santiago Wanderers vs Universidad de Chile',16,2,1,13,99,46,'home','away'),(41,8,17,'2020-10-10','2020-10-10 19:00:00','Everton vs Santiago Wanderers',6,2,2,NULL,98,11,'home','away'),(42,18,8,'2020-11-19','2020-11-19 13:30:00','Deportivo Antofagasta vs Everton',12,1,1,NULL,97,12,'home','away'),(43,12,6,'2020-03-07','2020-03-07 23:00:00','Deportes Iquique vs O\'Higgins',9,0,1,12,105,46,'home','away'),(44,3,8,'2020-02-29','2020-02-29 23:30:00','Unión Española vs Everton',2,0,2,3,97,5,'home','away'),(45,7,5,'2020-11-11','2020-11-11 19:00:00','Curicó Unido vs Universidad Católica',4,2,3,7,38551,5,'home','away'),(46,15,7,'2020-11-25','2020-11-25 21:00:00','Colo Colo vs Curicó Unido',17,2,0,7,95,58,'home','away'),(47,18,10,'2020-10-03','2020-10-03 16:30:00','Deportivo Antofagasta vs Cobresal',12,1,2,18,97,49,'home','away'),(48,16,3,'2020-02-01','2020-02-01 00:00:00','Unión La Calera vs Unión Española',15,0,1,16,98,25,'home','away'),(49,4,10,'2020-02-22','2020-02-22 15:00:00','Huachipato vs Cobresal',10,0,1,4,98,3,'home','away'),(50,5,10,'2020-11-16','2020-11-16 00:00:00','Universidad Católica vs Cobresal',3,1,2,5,96,48,'home','away'),(51,6,3,'2020-02-24','2020-02-24 23:30:00','O\'Higgins vs Unión Española',11,3,1,3,95,20,'home','away'),(52,17,4,'2020-09-13','2020-09-13 14:00:00','Santiago Wanderers vs Huachipato',16,2,3,17,99,22,'home','away'),(53,17,16,'2020-10-15','2020-10-15 16:30:00','Santiago Wanderers vs Unión La Calera',16,3,0,16,95,53,'home','away'),(54,1,17,'2020-02-01','2020-02-01 15:00:00','Universidad Concepción vs Santiago Wanderers',1,2,0,17,98,49,'home','away'),(55,10,15,'2020-02-02','2020-02-02 15:00:00','Cobresal vs Colo Colo',14,1,2,10,97,37,'home','away'),(56,6,8,'2020-09-13','2020-09-13 21:30:00','O\'Higgins vs Everton',11,2,1,8,96,8,'home','away'),(57,11,5,'2020-11-19','2020-11-19 00:30:00','Coquimbo Unido vs Universidad Católica',8,1,2,11,99,44,'home','away'),(58,14,3,'2020-10-03','2020-10-03 14:00:00','La Serena vs Unión Española',18,2,0,3,98,11,'home','away'),(59,4,2,'2020-03-10','2020-03-10 23:30:00','Huachipato vs Audax Italiano',10,1,2,4,122,3,'home','away'),(60,3,10,'2020-10-21','2020-10-21 21:30:00','Unión Española vs Cobresal',2,0,1,3,99,18,'home','away'),(61,15,9,'2020-01-28','2020-01-28 23:30:00','Colo Colo vs Palestino',17,0,3,15,95,5,'home','away'),(62,5,3,'2020-08-29','2020-08-29 22:30:00','Universidad Católica vs Unión Española',3,1,0,3,97,17,'home','away'),(63,14,12,'2020-12-04','2020-12-04 20:00:00','La Serena vs Deportes Iquique',18,0,1,14,97,19,'home','away'),(64,9,4,'2020-02-01','2020-02-01 20:30:00','Palestino vs Huachipato',19,0,1,9,98,7,'home','away'),(65,7,4,'2020-03-02','2020-03-02 23:30:00','Curicó Unido vs Huachipato',4,0,1,7,100,25,'home','away'),(66,4,15,'2020-12-05','2020-12-05 20:00:00','Huachipato vs Colo Colo',10,2,2,NULL,96,12,'home','away'),(67,18,7,'2020-03-07','2020-03-07 20:30:00','Deportivo Antofagasta vs Curicó Unido',12,0,0,NULL,97,1,'home','away'),(68,14,9,'2020-10-14','2020-10-14 14:00:00','La Serena vs Palestino',18,2,4,14,97,9,'home','away'),(69,11,3,'2020-11-01','2020-11-01 19:00:00','Coquimbo Unido vs Unión Española',8,1,1,NULL,100,54,'home','away'),(70,6,18,'2020-08-30','2020-08-30 14:30:00','O\'Higgins vs Deportivo Antofagasta',11,1,0,18,100,28,'home','away'),(71,9,18,'2020-03-01','2020-03-01 23:30:00','Palestino vs Deportivo Antofagasta',7,2,2,NULL,95,2,'home','away'),(72,1,4,'2020-11-23','2020-11-23 22:15:00','Universidad Concepción vs Huachipato',1,1,0,4,95,55,'home','away'),(73,1,6,'2020-09-24','2020-09-24 16:30:00','Universidad Concepción vs O\'Higgins',1,4,1,6,95,1,'home','away'),(74,10,9,'2020-09-24','2020-09-24 19:00:00','Cobresal vs Palestino',14,1,2,10,96,21,'home','away'),(75,1,16,'2020-09-08','2020-09-08 14:00:00','Universidad Concepción vs Unión La Calera',1,1,2,1,99,31,'home','away'),(76,15,5,'2020-02-16','2020-02-16 21:00:00','Colo Colo vs Universidad Católica',17,2,0,5,86,42,'home','away'),(77,14,6,'2020-09-04','2020-09-04 22:30:00','La Serena vs O\'Higgins',18,1,1,NULL,96,23,'home','away'),(78,3,17,'2020-09-08','2020-09-08 21:30:00','Unión Española vs Santiago Wanderers',2,1,2,3,98,26,'home','away'),(79,17,11,'2020-12-06','2020-12-06 13:30:00','Santiago Wanderers vs Coquimbo Unido',16,1,1,NULL,97,39,'home','away'),(80,17,5,'2020-01-26','2020-01-26 15:00:00','Santiago Wanderers vs Universidad Católica',16,3,0,5,102,14,'home','away'),(81,14,10,'2020-02-08','2020-02-08 00:00:00','La Serena vs Cobresal',18,2,1,10,98,58,'home','away'),(82,17,18,'2020-10-21','2020-10-21 14:00:00','Santiago Wanderers vs Deportivo Antofagasta',16,1,2,17,95,40,'home','away'),(83,17,3,'2020-11-20','2020-11-20 00:00:00','Santiago Wanderers vs Unión Española',16,0,1,17,97,10,'home','away'),(84,10,17,'2020-10-29','2020-10-29 16:30:00','Cobresal vs Santiago Wanderers',14,0,1,10,98,42,'home','away'),(85,15,2,'2020-11-19','2020-11-19 21:30:00','Colo Colo vs Audax Italiano',17,0,1,15,98,6,'home','away'),(86,9,8,'2020-09-03','2020-09-03 17:30:00','Palestino vs Everton',19,0,1,9,98,5,'home','away'),(87,16,11,'2020-03-09','2020-03-09 21:30:00','Unión La Calera vs Coquimbo Unido',15,0,2,16,98,11,'home','away'),(88,15,3,'2020-10-14','2020-10-14 21:30:00','Colo Colo vs Unión Española',17,5,3,3,97,29,'home','away'),(89,7,8,'2020-10-03','2020-10-03 19:00:00','Curicó Unido vs Everton',4,3,1,8,97,12,'home','away'),(90,9,16,'2020-12-09','2020-12-09 13:30:00','Palestino vs Unión La Calera',19,1,3,9,96,40,'home','away'),(91,9,15,'2020-11-14','2020-11-14 14:00:00','Palestino vs Colo Colo',19,1,3,9,99,4,'home','away'),(92,9,5,'2020-11-08','2020-11-08 19:00:00','Palestino vs Universidad Católica',19,4,1,5,97,9,'home','away'),(93,16,8,'2020-12-06','2020-12-06 22:30:00','Unión La Calera vs Everton',15,2,6,16,97,42,'home','away'),(94,15,6,'2020-09-09','2020-09-09 19:00:00','Colo Colo vs O\'Higgins',17,1,0,6,95,27,'home','away'),(95,10,11,'2020-10-14','2020-10-14 16:30:00','Cobresal vs Coquimbo Unido',14,1,0,11,95,2,'home','away'),(96,2,11,'2020-11-15','2020-11-15 00:00:00','Audax Italiano vs Coquimbo Unido',5,0,2,2,96,31,'home','away'),(97,13,17,'2020-11-15','2020-11-15 21:30:00','Universidad de Chile vs Santiago Wanderers',13,0,3,13,99,0,'home','away'),(98,14,1,'2020-09-15','2020-09-15 14:00:00','La Serena vs Universidad Concepción',18,1,0,1,95,46,'home','away'),(99,18,2,'2020-09-06','2020-09-06 14:00:00','Deportivo Antofagasta vs Audax Italiano',12,2,2,NULL,98,1,'home','away'),(100,2,15,'2020-02-09','2020-02-09 21:00:00','Audax Italiano vs Colo Colo',13,1,2,2,96,37,'home','away'),(101,6,11,'2020-10-02','2020-10-02 19:00:00','O\'Higgins vs Coquimbo Unido',11,4,1,11,101,8,'home','away'),(102,11,17,'2020-09-25','2020-09-25 19:00:00','Coquimbo Unido vs Santiago Wanderers',8,1,2,11,95,21,'home','away'),(103,1,13,'2020-10-29','2020-10-29 19:00:00','Universidad Concepción vs Universidad de Chile',1,0,1,1,97,58,'home','away'),(104,3,6,'2020-11-24','2020-11-24 00:30:00','Unión Española vs O\'Higgins',2,2,0,6,99,34,'home','away'),(105,5,13,'2020-10-04','2020-10-04 17:00:00','Universidad Católica vs Universidad de Chile',3,0,3,5,97,45,'home','away'),(106,5,2,'2020-09-13','2020-09-13 19:00:00','Universidad Católica vs Audax Italiano',3,0,3,5,94,3,'home','away'),(107,18,1,'2020-02-21','2020-02-21 15:00:00','Deportivo Antofagasta vs Universidad Concepción',12,1,1,NULL,103,42,'home','away'),(108,6,13,'2020-03-01','2020-03-01 21:00:00','O\'Higgins vs Universidad de Chile',11,3,2,13,97,35,'home','away'),(109,2,6,'2020-10-15','2020-10-15 21:30:00','Audax Italiano vs O\'Higgins',5,1,2,2,96,59,'home','away'),(110,16,5,'2020-02-28','2020-02-28 21:30:00','Unión La Calera vs Universidad Católica',15,1,1,NULL,97,23,'home','away'),(111,14,17,'2020-02-23','2020-02-23 15:00:00','La Serena vs Santiago Wanderers',18,0,3,14,98,4,'home','away'),(112,2,8,'2020-10-31','2020-10-31 21:30:00','Audax Italiano vs Everton',5,2,1,8,98,18,'home','away'),(113,3,2,'2020-02-17','2020-02-17 22:30:00','Unión Española vs Audax Italiano',2,2,1,2,96,8,'home','away'),(114,4,13,'2020-01-26','2020-01-26 21:00:00','Huachipato vs Universidad de Chile',10,1,2,4,97,43,'home','away'),(115,12,10,'2020-11-23','2020-11-23 20:00:00','Deportes Iquique vs Cobresal',9,0,0,NULL,98,16,'home','away'),(116,8,13,'2020-11-22','2020-11-22 22:15:00','Everton vs Universidad de Chile',6,1,1,NULL,96,3,'home','away'),(117,14,15,'2020-03-07','2020-03-07 15:00:00','La Serena vs Colo Colo',18,2,1,15,99,50,'home','away'),(118,7,9,'2020-10-31','2020-10-31 19:00:00','Curicó Unido vs Palestino',4,0,1,7,98,28,'home','away'),(119,11,9,'2020-09-09','2020-09-09 21:30:00','Coquimbo Unido vs Palestino',8,0,1,11,96,7,'home','away'),(120,8,15,'2020-10-28','2020-10-28 19:00:00','Everton vs Colo Colo',6,1,1,NULL,96,40,'home','away'),(121,11,2,'2020-09-01','2020-09-01 16:00:00','Coquimbo Unido vs Audax Italiano',8,0,0,NULL,81,46,'home','away'),(122,11,16,'2020-11-21','2020-11-21 22:15:00','Coquimbo Unido vs Unión La Calera',8,2,1,16,97,40,'home','away'),(123,6,10,'2020-10-08','2020-10-08 14:00:00','O\'Higgins vs Cobresal',11,2,0,10,94,47,'home','away'),(124,12,7,'2020-11-14','2020-11-14 19:00:00','Deportes Iquique vs Curicó Unido',9,2,1,7,98,9,'home','away'),(125,17,9,'2020-03-10','2020-03-10 21:00:00','Santiago Wanderers vs Palestino',16,2,1,9,99,22,'home','away'),(126,5,1,'2020-10-10','2020-10-10 21:30:00','Universidad Católica vs Universidad Concepción',3,1,1,NULL,98,2,'home','away'),(127,5,14,'2020-11-01','2020-11-01 21:30:00','Universidad Católica vs La Serena',3,0,3,5,96,59,'home','away'),(128,9,1,'2020-10-01','2020-10-01 16:30:00','Palestino vs Universidad Concepción',19,1,0,1,97,55,'home','away'),(129,17,12,'2020-10-02','2020-10-02 14:00:00','Santiago Wanderers vs Deportes Iquique',16,1,3,17,96,29,'home','away'),(130,12,8,'2020-02-02','2020-02-02 23:30:00','Deportes Iquique vs Everton',9,2,2,NULL,96,58,'home','away'),(131,15,18,'2020-11-10','2020-11-10 14:00:00','Colo Colo vs Deportivo Antofagasta',17,0,1,15,99,17,'home','away'),(132,15,14,'2020-12-08','2020-12-08 21:30:00','Colo Colo vs La Serena',17,2,0,14,98,30,'home','away'),(133,12,2,'2020-10-10','2020-10-10 14:00:00','Deportes Iquique vs Audax Italiano',9,1,2,12,96,13,'home','away'),(134,9,12,'2020-09-16','2020-09-16 15:00:00','Palestino vs Deportes Iquique',19,0,2,9,94,58,'home','away'),(135,13,15,'2020-09-06','2020-09-06 17:00:00','Universidad de Chile vs Colo Colo',13,1,1,NULL,95,30,'home','away'),(136,12,3,'2020-12-08','2020-12-08 18:45:00','Deportes Iquique vs Unión Española',9,1,1,NULL,97,27,'home','away'),(137,13,10,'2020-09-14','2020-09-14 19:00:00','Universidad de Chile vs Cobresal',11,1,2,13,96,26,'home','away'),(138,8,11,'2020-02-10','2020-02-10 23:30:00','Everton vs Coquimbo Unido',6,0,1,8,98,15,'home','away'),(139,16,15,'2020-09-12','2020-09-12 21:30:00','Unión La Calera vs Colo Colo',15,0,0,NULL,97,37,'home','away'),(140,2,13,'2020-12-09','2020-12-09 21:30:00','Audax Italiano vs Universidad de Chile',5,3,1,13,98,2,'home','away'),(141,10,1,'2020-12-08','2020-12-08 13:30:00','Cobresal vs Universidad Concepción',14,1,3,10,97,54,'home','away'),(142,4,1,'2020-02-08','2020-02-08 15:00:00','Huachipato vs Universidad Concepción',10,1,1,NULL,97,5,'home','away'),(143,9,6,'2020-02-15','2020-02-15 20:30:00','Palestino vs O\'Higgins',19,0,0,NULL,97,14,'home','away'),(144,13,8,'2020-03-05','2020-03-05 21:00:00','Universidad de Chile vs Everton',13,0,0,NULL,96,32,'home','away'),(145,6,4,'2020-12-09','2020-12-09 00:00:00','O\'Higgins vs Huachipato',11,1,2,6,95,10,'home','away'),(146,10,6,'2020-12-04','2020-12-04 13:30:00','Cobresal vs O\'Higgins',14,1,1,NULL,98,42,'home','away'),(147,10,12,'2020-02-29','2020-02-29 15:00:00','Cobresal vs Deportes Iquique',14,1,1,NULL,96,11,'home','away'),(148,18,3,'2020-09-17','2020-09-17 14:00:00','Deportivo Antofagasta vs Unión Española',12,0,2,18,96,7,'home','away'),(149,14,18,'2020-02-03','2020-02-03 22:30:00','La Serena vs Deportivo Antofagasta',18,1,0,18,96,15,'home','away'),(150,16,13,'2020-11-18','2020-11-18 22:15:00','Unión La Calera vs Universidad de Chile',15,0,1,16,98,9,'home','away'),(151,16,4,'2020-10-20','2020-10-20 16:30:00','Unión La Calera vs Huachipato',15,0,3,16,94,24,'home','away'),(152,13,11,'2020-02-23','2020-02-23 20:30:00','Universidad de Chile vs Coquimbo Unido',13,1,1,NULL,97,39,'home','away'),(153,8,14,'2020-03-14','2020-03-14 23:00:00','Everton vs La Serena',6,0,0,NULL,98,50,'home','away'),(154,17,2,'2020-03-03','2020-03-03 21:00:00','Santiago Wanderers vs Audax Italiano',16,3,3,NULL,98,14,'home','away'),(155,14,4,'2020-11-15','2020-11-15 19:00:00','La Serena vs Huachipato',18,0,1,14,96,27,'home','away'),(156,1,10,'2020-03-05','2020-03-05 23:30:00','Universidad Concepción vs Cobresal',1,2,2,NULL,99,4,'home','away'),(157,7,12,'2020-02-08','2020-02-08 23:30:00','Curicó Unido vs Deportes Iquique',4,0,1,7,95,28,'home','away'),(158,2,1,'2020-03-15','2020-03-15 23:30:00','Audax Italiano vs Universidad Concepción',5,1,1,NULL,99,29,'home','away'),(159,10,14,'2020-11-18','2020-11-18 20:00:00','Cobresal vs La Serena',14,2,1,14,99,39,'home','away'),(160,7,11,'2020-09-15','2020-09-15 19:00:00','Curicó Unido vs Coquimbo Unido',4,1,2,7,96,30,'home','away'),(161,3,7,'2020-10-09','2020-10-09 18:30:00','Unión Española vs Curicó Unido',2,1,2,3,103,11,'home','away'),(162,13,16,'2020-02-08','2020-02-08 21:00:00','Universidad de Chile vs Unión La Calera',13,0,3,13,98,9,'home','away'),(163,5,11,'2020-09-05','2020-09-05 18:30:00','Universidad Católica vs Coquimbo Unido',3,1,4,5,95,0,'home','away'),(164,15,17,'2020-08-29','2020-08-29 17:30:00','Colo Colo vs Santiago Wanderers',17,3,2,17,96,41,'home','away'),(165,7,16,'2020-08-30','2020-08-30 22:30:00','Curicó Unido vs Unión La Calera',4,2,0,16,96,21,'home','away'),(166,8,6,'2020-11-13','2020-11-13 16:30:00','Everton vs O\'Higgins',6,1,0,6,96,27,'home','away'),(167,2,17,'2020-11-25','2020-11-25 00:30:00','Audax Italiano vs Santiago Wanderers',5,1,1,NULL,98,5,'home','away'),(168,7,15,'2020-02-24','2020-02-24 21:00:00','Curicó Unido vs Colo Colo',4,0,1,7,96,2,'home','away'),(169,7,2,'2020-12-03','2020-12-03 13:30:00','Curicó Unido vs Audax Italiano',4,1,4,7,98,36,'home','away'),(170,16,2,'2020-10-04','2020-10-04 19:30:00','Unión La Calera vs Audax Italiano',15,2,3,16,99,11,'home','away'),(171,16,14,'2020-02-14','2020-02-14 21:30:00','Unión La Calera vs La Serena',15,1,2,16,95,9,'home','away'),(172,18,9,'2020-12-02','2020-12-02 13:30:00','Deportivo Antofagasta vs Palestino',12,1,1,NULL,97,27,'home','away'),(173,17,7,'2020-09-05','2020-09-05 22:30:00','Santiago Wanderers vs Curicó Unido',16,0,2,17,96,28,'home','away'),(174,4,18,'2020-10-10','2020-10-10 16:30:00','Huachipato vs Deportivo Antofagasta',10,0,0,NULL,94,1,'home','away'),(175,11,15,'2020-10-09','2020-10-09 21:00:00','Coquimbo Unido vs Colo Colo',8,2,2,NULL,101,56,'home','away'),(176,15,4,'2020-10-03','2020-10-03 21:30:00','Colo Colo vs Huachipato',17,1,0,4,98,17,'home','away'),(177,3,12,'2020-01-26','2020-01-26 23:30:00','Unión Española vs Deportes Iquique',2,2,3,3,102,38,'home','away'),(178,4,6,'2020-10-31','2020-10-31 16:30:00','Huachipato vs O\'Higgins',10,0,2,4,95,55,'home','away'),(179,3,9,'2020-02-09','2020-02-09 23:30:00','Unión Española vs Palestino',2,1,1,NULL,96,0,'home','away'),(180,14,11,'2020-12-13','2020-12-13 20:00:00','La Serena vs Coquimbo Unido',18,0,1,14,97,31,'home','away'),(181,8,7,'2020-12-11','2020-12-11 00:30:00','Everton vs Curicó Unido',6,1,3,8,99,6,'home','away'),(182,16,10,'2020-09-04','2020-09-04 15:00:00','Unión La Calera vs Cobresal',15,2,2,NULL,98,9,'home','away'),(183,13,7,'2020-02-01','2020-02-01 20:30:00','Universidad de Chile vs Curicó Unido',13,1,5,13,95,0,'home','away'),(184,4,12,'2020-11-19','2020-11-19 19:15:00','Huachipato vs Deportes Iquique',10,1,1,NULL,103,35,'home','away'),(185,15,1,'2020-02-29','2020-02-29 21:00:00','Colo Colo vs Universidad Concepción',17,2,2,NULL,98,22,'home','away'),(186,6,16,'2020-01-25','2020-01-25 00:00:00','O\'Higgins vs Unión La Calera',11,2,1,16,101,35,'home','away'),(187,2,14,'2020-09-10','2020-09-10 14:00:00','Audax Italiano vs La Serena',5,1,2,2,95,56,'home','away'),(188,4,5,'2020-09-09','2020-09-09 14:00:00','Huachipato vs Universidad Católica',10,3,1,5,96,56,'home','away'),(189,11,12,'2020-03-15','2020-03-15 15:00:00','Coquimbo Unido vs Deportes Iquique',8,3,0,12,95,17,'home','away'),(190,15,12,'2020-10-31','2020-10-31 14:00:00','Colo Colo vs Deportes Iquique',17,2,0,12,98,24,'home','away'),(191,1,18,'2020-11-15','2020-11-15 14:00:00','Universidad Concepción vs Deportivo Antofagasta',1,0,2,1,101,21,'home','away'),(192,4,8,'2020-10-14','2020-10-14 19:00:00','Huachipato vs Everton',10,0,1,4,96,11,'home','away'),(193,12,16,'2020-09-24','2020-09-24 14:00:00','Deportes Iquique vs Unión La Calera',9,3,0,16,93,48,'home','away'),(194,7,14,'2020-01-28','2020-01-28 21:00:00','Curicó Unido vs La Serena',4,0,1,7,101,56,'home','away'),(195,13,2,'2020-10-21','2020-10-21 19:00:00','Universidad de Chile vs Audax Italiano',11,2,2,NULL,99,54,'home','away'),(196,18,13,'2020-10-15','2020-10-15 19:00:00','Deportivo Antofagasta vs Universidad de Chile',12,0,1,18,98,49,'home','away'),(197,18,11,'2020-01-25','2020-01-25 15:00:00','Deportivo Antofagasta vs Coquimbo Unido',12,1,2,18,98,21,'home','away'),(198,13,14,'2020-10-11','2020-10-11 21:30:00','Universidad de Chile vs La Serena',13,0,3,13,95,23,'home','away'),(199,9,14,'2020-11-22','2020-11-22 13:30:00','Palestino vs La Serena',19,3,1,14,95,51,'home','away');
/*!40000 ALTER TABLE `matches` ENABLE KEYS */;
UNLOCK TABLES;

--
-- Table structure for table `players`
--

DROP TABLE IF EXISTS `players`;
/*!40101 SET @saved_cs_client     = @@character_set_client */;
/*!40101 SET character_set_client = utf8 */;
CREATE TABLE `players` (
  `id` bigint(20) unsigned NOT NULL AUTO_INCREMENT COMMENT 'PK',
  `first_name` varchar(255) NOT NULL COMMENT 'first name of the player',
  `last_name` varchar(100) DEFAULT NULL COMMENT 'last name of the player',
  PRIMARY KEY (`id`)
) ENGINE=InnoDB AUTO_INCREMENT=550 DEFAULT CHARSET=utf8mb4;
/*!40101 SET character_set_client = @saved_cs_client */;

--
-- Dumping data for table `players`
--

LOCK TABLES `players` WRITE;
/*!40000 ALTER TABLE `players` DISABLE KEYS */;
INSERT INTO `players` VALUES (1,'Guillermo Martín','Reyes Maneiro'),(2,'Leandro Enrique','Díaz Parra'),(3,'Nicolás','Correa Risso'),(4,'Juan René','Abarca Fuentes'),(5,'Antonio Esteban','Ramírez Cuevas'),(6,'Alejandro Maximiliano','Camargo Osses'),(7,'Leonardo Nicolás','Povea Pérez'),(8,'Cecilio Alfonso','Waterman Ruiz'),(9,'Matías Julio','Cabrera Acevedo'),(10,'Bryan Andrés','Carvallo Utreras'),(11,'Gustavo Javier','Alles Vila'),(12,'Jaime Matías','Carreño Lee-Chong'),(13,'Richard Andrés','Leyton Abrigo'),(14,'Fabián','Neira'),(15,'Cristobal','Quevedo'),(16,'Maximiliano','Quinteros'),(17,'Anibal','San Martín'),(18,'Francisco','Tapia'),(19,'Joaquín Emanuel','Muñoz Almarza'),(20,'Nicolás Ignacio','Crovetto Aqueveque'),(21,'Fabián Andrés','Torres Cuello'),(22,'Carlos Alfredo','Labrin Candia'),(23,'Nicolás Esteban','Fernández Muñoz'),(24,'Luis Alberto','Cabrera Figueroa'),(25,'Ariel Elías','Martínez Arce'),(26,'Iván Patricio','Ledezma Ahumada'),(27,'Oliver Jesús','Rojas Muñoz'),(28,'Joaquín Alberto','Montecinos Naranjo'),(29,'Rodrigo Julián','Holgado'),(30,'Gonzalo Esteban','Alvarez Morales'),(31,'José Antonio','Devecchi'),(32,'Bryan Jesús','Figueroa De La Hoz'),(33,'Jorge Alexis','Henríquez Neira'),(34,'Cristóbal Felipe','Muñoz Vásquez'),(35,'Jesús Andrés','Ramírez Díaz'),(36,'Diego Ignacio','Torres Quintana'),(37,'Diego','Sánchez Carvajal'),(38,'Luis Alberto','Pavez Muñoz'),(39,'Thomas Ignacio','Galdames Millán'),(40,'Harold Oshkaly','Cummings Segura'),(41,'Juan Pablo','Gómez Vidal'),(42,'Jonathan Yulián','Mejía Chaverra'),(43,'Víctor Felipe','Méndez'),(44,'Mario Anibal','Sandoval Toro'),(45,'Misael Aldair','Dávila Carvajal'),(46,'Cristian Martín','Palacios Ferreira'),(47,'Carlos Alonso Enrique','Palacios Núñez'),(48,'Rafael Daniel','Arace Gargaro'),(49,'Daniel Esteban','Castro Santibáñez'),(50,'Felipe','Fritz Saldías'),(51,'Mario Ignacio','Larenas Díaz'),(52,'Ignacio Antonio','Núñez Estrada'),(53,'Luis Antonio','Pavez Contreras'),(54,'Álvaro Luis','Salazar Bravo'),(55,'Yerko Andrés','Urra Cortés'),(56,'Cristian Alejandro','Cuevas Jara'),(57,'Diego Alejandro','Oyarzún Carrasco'),(58,'Ignacio Alejandro','Tapia Bustamante'),(59,'Juan Guillermo','Córdova Torres'),(60,'Israel Elías','Poblete Zúñiga'),(61,'Claudio Elías','Sepúlveda Castro'),(62,'Cris Robert','Martínez Escobar'),(63,'César','Valenzuela Martínez'),(64,'Joffre Andrés','Escobar Moyano'),(65,'Juan Ignacio','Sánchez Sotelo'),(66,'Gabriel Jesús','Castellón Velazquez'),(67,'Benjamín José','Gazzolo Freire'),(68,'Sebastián Ignacio','Martínez Muñoz'),(69,'Denilson Josué','Ovando Ramírez'),(70,'Brayan Enrique','Palmezano Reyes'),(71,'Maximiliano Alexander','Rodríguez Vejar'),(72,'Joaquín Jaime','Verdugo Salazar'),(73,'Matías Ezequiel','Dituro'),(74,'Alfonso Cristián','Parot Rojas'),(75,'Valber Roberto','Huerta Jerez'),(76,'Benjamín','Kuscevic Jaramillo'),(77,'Stefano','Magnasco Galindo'),(78,'Luciano Román','Aued'),(79,'Ignacio Antonio','Saavedra Pino'),(80,'Edson Raúl','Puch Cortés'),(81,'Diego Mario','Buonanotte Rende'),(82,'Gastón Adrián','Lezcano'),(83,'Fernando Matías','Zampedri'),(84,'Tomás Pablo','Asta-Buruaga Montoya'),(85,'Juan Francisco','Cornejo Palma'),(86,'César Augusto','Munder Rodríguez'),(87,'Marcelino Ignacio','Nuñez Espinoza'),(88,'Raimundo Andrés','Rebolledo Valenzuela'),(89,'Cristopher Benjamín','Toselli Ríos'),(90,'Diego Martín','Valencia Morello'),(91,'Augusto Martín','Batalla Barga'),(92,'Roberto Andrés','Cereceda Guajardo'),(93,'Matías','Cahais'),(94,'Albert Alejandro','Acevedo Vergara'),(95,'Paulo Cézar','Magalhaes Lobos'),(96,'Alejandro Samuel','Márquez Pérez'),(97,'Matías Ignacio','Sepúlveda Méndez'),(98,'José Luis','Muñoz Muñoz'),(99,'Ramón Ignacio','Fernández'),(100,'Facundo Ismael','Castro Souto'),(101,'Roberto Carlos','Gutiérrez Gamboa'),(102,'Tomás','Alarcón Vergara'),(103,'Antonio Alejandro','Díaz Campos'),(104,'Diego Humberto','González Saavedra'),(105,'Diego Abraham','González Torres'),(106,'Gustavo','Gotti'),(107,'Matías Francisco','Meneses Letelier'),(108,'Luis Alfonso','Ureta Medina'),(109,'Fabián Alfredo','Cerda Valdés'),(110,'Alex Matías','Ibacache Mora'),(111,'José Manuel','Rojas Bahamondes'),(112,'Diego','Urzúa'),(113,'Jens','Buss'),(114,'Heber Daniel','García Torrealba'),(115,'Martín Miguel','Cortés'),(116,'Pablo Ignacio','Corral Mondaca'),(117,'Bayron Andrés','Oyarzo Muñoz'),(118,'Federico Gastón','Castro'),(119,'Gabriel','Harding Subiabre'),(120,'Matias','Cavalleri Lopetegui'),(121,'Carlos Felipe Ignacio','Espinosa Contreras'),(122,'Sebastián Óscar','Jaime'),(123,'Kennet','Lara'),(124,'Gonzalo Santiago','Mall Núñez'),(125,'Yerson Flavio','Opazo Riquelme'),(126,'Diego Daniel','Vera Méndez'),(127,'Eric Orlando','Godoy Zepeda'),(128,'Simon Alonso','Ramírez Cuevas'),(129,'Andrés Sebastián','Robles Fuentes'),(130,'Mario Antonio','Oporto Hidalgo'),(131,'Juan','Patiño'),(132,'Manuel Elías','Fernández Guzmán'),(133,'Álvaro Alejandro','Delgado Sciaraffia'),(134,'Osvaldo Javier','Bosso Torres'),(135,'Pablo Damián','Lavandeira Hernández'),(136,'Cristobal Osvaldo','Marín Barrios'),(137,'Paulo Andrés','Garcés Contreras'),(138,'Franco','Bechtholdt Chervaz'),(139,'Pablo Alejandro','Parra Rubilar'),(140,'Fernando Gabriel','Godoy'),(141,'Matías','Ormazábal'),(142,'Benjamín Antonio','Ortiz Acuña'),(143,'Jhonny Cristián','Herrera Muñoz'),(144,'Dylan Patricio','Zúñiga Valenzuela'),(145,'Cristian Fernando','Suarez Figueroa'),(146,'Sebastián Rodrigo','Pereira Abarca'),(147,'Bastián','San Juan Martínez'),(148,'Benjamín Nicolás','Rivera Silva'),(149,'Álvaro Alfredo Alejandro','Madrid Gaete'),(150,'Rodrigo Eduardo','Echeverría Sáez'),(151,'Fernando Antonio','Saavedra Valencia'),(152,'Juan Ezequiel','Cuevas'),(153,'Maximiliano Iván','Ceratto'),(154,'Jorge Roberto','Díaz Price'),(155,'Carlos Alberto','Lobos Ubilla'),(156,'Gary','Moya'),(157,'Francisco Ignacio','Robles Toro'),(158,'Camilo Bryan','Rodríguez Pedraza'),(159,'Luis Rodrigo','Santelices Tello'),(160,'Marcos Antonio','Velásquez Ahumada'),(161,'Carlos Antonio','Salomon Tapia'),(162,'Aaron Sebastián','Astudillo Quiñones'),(163,'Francisco Andrés','Silva Gajardo'),(164,'Gonzalo Andrés','Tapia Dubournais'),(165,'Germán Andrés','Lanaro'),(166,'César Ignacio','Pinares Tamayo'),(167,'Marcelo Ignacio','Suárez Báez'),(168,'Claudio Patricio','Navarrete Arévalo'),(169,'Guillermo Alfonso','Pacheco Tudela'),(170,'Martín Alonso','Lara Collao'),(171,'Juan Pablo','Abarzúa Sepúlveda'),(172,'Hardy Fabián','Cavero Manan'),(173,'Nicolás Iván','Orellana Acuña'),(174,'Alfred Jeafra','Canales Céspedes'),(175,'Ricardo Antonio','Escobar Acuña'),(176,'Cristian Edward','Guerra Torres'),(177,'Vicente Felipe','Fernández Godoy'),(178,'Nicolás Andrés','Díaz Huincales'),(179,'Lucas Javier','Acevedo'),(180,'Henry Steven','Sanhueza González'),(181,'Jonathan Oscar','Benítez'),(182,'Jorge Matias','Araya Pozo'),(183,'Fabián Antonio','Ahumada Astete'),(184,'Bryan Paul','Carrasco Santos'),(185,'Renato Nicolás','Tarifeño Aranda'),(186,'Matías Rodrigo','Campos López'),(187,'Leandro Iván','Benegas'),(188,'Esteban Andrés','Carvajal Tapia'),(189,'Sergio Andrés','Felipe Silva'),(190,'Gastón','Guruceaga Fagúndez'),(191,'Benjamín Ignacio','Rojas Ferrera'),(192,'Nicolás Imanol Alberto','Solabarrieta Vergara'),(193,'Guillermo Tomás','Soto Arredondo'),(194,'René Antonio','Melendez Plaza'),(195,'Leandro Daniel','Requena'),(196,'Marcelo','Jorquera'),(197,'Rodolfo Antonio','González Aránguiz'),(198,'Sebastián Ignacio','Silva Pérez'),(199,'Mario Esteban','Pardo Acuña'),(200,'Cristopher','Mesías Sepúlveda'),(201,'Juan Rodrigo','Gutiérrez Arenas'),(202,'Rodolfo Vicente','Gamarra Varela'),(203,'Marcelo','Cañete'),(204,'Juan Carlos','Gaete Contreras'),(205,'Sebastián Esteban','Varas Moreno'),(206,'Andy Bastian','Aguilera Rojas'),(207,'Ariel Elpidio','Coronel'),(208,'Jorge Luis','Deschamps'),(209,'Alan Guillermo','Murialdo'),(210,'Lucas Ignacio','Portilla Portilla'),(211,'Franco Marcelo','Ragusa Nappe'),(212,'Felipe Andrés','Reynero Galarce'),(213,'Matías Nicolás','Cano'),(214,'Raúl Andrés','Osorio Medina'),(215,'Benjamín Fernando','Vidal Allendes'),(216,'Víctor Miguel','González Chang'),(217,'John Michael','Salas Torres'),(218,'Joe Axel','Abrigo Navarro'),(219,'Diego Sebastia','Aravena Ramírez'),(220,'Fernando Alejandro','Manríquez Hernández'),(221,'Juan Carlos','Espinoza Reyes'),(222,'Mauricio Ricardo','Pinilla Ferreira'),(223,'Rubén Ignacio','Farfán Arancibia'),(224,'Luis Pedro','Figueroa Sepúlveda'),(225,'Guillermo Enrique','Orellana Riquelme'),(226,'Federico Hernán','Pereyra'),(227,'Cristofer Andrés','Salas Barriga'),(228,'Diego Alfredo','Vallejos Hernández'),(229,'Diego','Vergara'),(230,'Felipe Andrés','Villagrán Rivera'),(231,'Sebastián Andrés','Perez Kirby'),(232,'Hans Francisco','Salinas Flores'),(233,'Rafael Antonio','Caroca Cordero'),(234,'Lucas Elio','Aveldaño'),(235,'Matías Javier','Blázquez Lavín'),(236,'Ricardo Darío','Blanco'),(237,'Gustavo Rubén','Lorenzetti'),(238,'Diego Felipe Andrés','Orellana Medina'),(239,'Diego Nicolás','Fernández Castro'),(240,'César','Huanca'),(241,'Álvaro Sebastián','Ramos Sepúlveda'),(242,'Alejandro Andrés','Contreras Daza'),(243,'Jorge Matías','Donoso Garate'),(244,'Arturo','Guerrero'),(245,'Francisco','Levinao'),(246,'Fabián','Ramos'),(247,'Felipe Ignacio','Saavedra Saavedra'),(248,'Mauricio Alejandro','Zenteno Morales'),(249,'Fernando Carlos','De Paul Lanciotti'),(250,'Jean André Emanuel','Beausejour Coliqueo'),(251,'Diego Andrés','Carrasco Muñoz'),(252,'Osvaldo Alexis','González Sepúlveda'),(253,'Matías Nicolás','Rodríguez'),(254,'Pablo Mauricio','Aránguiz Salazar'),(255,'Camilo Andrés','Moya Carreño'),(256,'Gonzalo Alejandro','Espinoza Toledo'),(257,'Walter Damián','Montillo'),(258,'Nicolás Bastián','Guerra Ruz'),(259,'Joaquín Oscar','Larrivey'),(260,'Augusto Sebastián','Barrios Silva'),(261,'Cristóbal Alejandro','Campos Véliz'),(262,'Luis Ignacio','Casanova Sandoval'),(263,'Fernando Nicolás','Cornejo Miranda'),(264,'Luis Enrique','Del Pino Mago'),(265,'Ángelo José','Henríquez Iturra'),(266,'Jimmy Antonio','Martínez Ruiz'),(267,'Nicolás','Berardo'),(268,'Gaspar Emmanuel','Iñíguez'),(269,'Joaquín Naid','Abdala Astudillo'),(270,'Mathias Daniel','Pinto Mell'),(271,'Jorge Paul','Gática Villegas'),(272,'Andrés Eduardo','Montero Cadenas'),(273,'Daniel Enrique','Retamal Vargas'),(274,'Gustavo Nicolás','Fuentealba Tobar'),(275,'David Eduardo','Achucarro Trinidad'),(276,'Marko Andrés','Biskupovic Venturino'),(277,'David','Montoya Henao'),(278,'Nicolás Eduardo','Baeza Martínez'),(279,'Enzo Daniel','Ruiz Eizaga'),(280,'Kevin Felipe','Medel Soto'),(281,'David','Vallejos'),(282,'Felipe Andrés','Barrientos Mena'),(283,'Jaime Andrés','Valdés Zapata'),(284,'Franco Leonel','Olego'),(285,'Danilo Gonzalo','Catalán Córdova'),(286,'Vicente Pablo','Durán Vidal'),(287,'Enzo Nicolás','Ferrario Arguello'),(288,'David Antonio','Llanos Almonacid'),(289,'Raúl Alejandro','Olivares Gálvez'),(290,'Walter Benjamín','Ponce Gallardo'),(291,'Alessandro','Rizzoli Dellasera'),(292,'Mauro Andrés','Caballero Aguilera'),(293,'Benjamín Ignacio','Galdames Millán'),(294,'Ronald Damián','González Tabilo'),(295,'Brayan Josué','Cortés Fernández'),(296,'Bryan Alfonso','Vejar Utreras'),(297,'Maximiliano Joel','Falcón Picart'),(298,'Julio Alberto','Barroso'),(299,'Jeyson Alejandro','Rojas Orellana'),(300,'Gabriel Alonso','Suazo Urbina'),(301,'Matías Ariel','Fernández Fernández'),(302,'Carlos Emilio','Carmona Tello'),(303,'Leonardo Felipe','Valencia Rossel'),(304,'Javier Andrés','Parraguez Herrera'),(305,'Basilio Gabriel','Costa Heredia'),(306,'William Héctor','Alarcón Cepeda'),(307,'Nicolás','Blandi'),(308,'Ignacio Andrés','Jara Vargas'),(309,'Miguel Ángel','Pinto Jérez'),(310,'Branco Antonio','Provoste Ovalle'),(311,'Pablo César','Solari'),(312,'David Octavio','Tati Díaz'),(313,'Antonio Andrés','Castillo Navarrete'),(314,'Nicolás Enrique','Ramírez Aguilera'),(315,'Joaquín Ignacio','Gutiérrez Jara'),(316,'Javier Adolfo','Altamirano Altamirano'),(317,'Zacarias Orlando','López González'),(318,'Lucas','Fasson dos Santos'),(319,'Rodrigo Andrés','Brito Tobar'),(320,'Danny Marcos','Pérez Valdez'),(321,'Sebastián Ignacio','Leyton Hevia'),(322,'Humberto Andrés','Suazo Pontivo'),(323,'Richard Nicolás','Paredes Moraga'),(324,'Romulo','Zanre Zwarg'),(325,'Patricio Rodolfo','Rubio Pulgar'),(326,'Marcos Sebastián','Pol'),(327,'Jonathan','Copete Valencia'),(328,'Walter Rodrigo','González Sosa'),(329,'Alexis','Martín Arias'),(330,'Santiago','García'),(331,'Christian Alberto','Vilches González'),(332,'Matías Cristóbal','Navarrete Fuentes'),(333,'Fernando Patricio','Cordero Fonseca'),(334,'Juan Andrés','Leiva Mieres'),(335,'Esteban Cristóbal','Valencia Reyes'),(336,'Yonathan Wladimir','Andía León'),(337,'Gonzalo Pablo','Castellani'),(338,'Andrés Alejandro','Vilches Araneda'),(339,'Jorge Sebastián','Sáez'),(340,'Ariel Ignacio','Cáceres Lizana'),(341,'Elvis','Hernández Huenten'),(342,'Abel Eric','Moreno Vargas'),(343,'Vicente Raúl','Ramírez Ramírez'),(344,'Nicolás Marcelo','Stefanelli'),(345,'Pedro  Iván','Sánchez Torrealba'),(346,'Miguel Angel','Vargas Mañan'),(347,'Francisco Andrés','Arancibia Silva'),(348,'Matías','Fracchia Moreira'),(349,'Mauricio Alejandro','Viana Caamaño'),(350,'Bernardo Humberto','Cerezo Rojas'),(351,'Luis Francisco','García Varas'),(352,'Juan Carlos','Soto Swett'),(353,'Carlos Rodolfo','Rotondi'),(354,'Marco Antonio','Medel de la Fuente'),(355,'Juan Pablo','Miño'),(356,'Francisco Arturo','Alarcón Cruz'),(357,'Néstor Eduardo','Canelón Gil'),(358,'Gustavo Martín','Lanaro'),(359,'Matías Nicolás','Marín Vega'),(360,'Matías Ignacio','Fernández Cordero'),(361,'Christian Andrés','Fuentes López'),(362,'Enzo Hernán','Gutiérrez Lencinas'),(363,'Daniel Enrique','Gónzalez Orellana'),(364,'Axel Aron','Herrera Rojas'),(365,'Jason Matías','León Alvear'),(366,'Sebastián Andrés','Ubilla Cambón'),(367,'Juan Eduardo','Fuentes Jiménez'),(368,'José Pedro','Fuenzalida Gana'),(369,'Alexander Ernesto','Aravena Guzmán'),(370,'José Ignacio','González Catalán'),(371,'Salvador','Cordero'),(372,'Gustavo Ramón','Mencia Dávalos'),(373,'Branco','Ampuero Vera'),(374,'Byron','Nieto'),(375,'Gonzalo Gastón','Freitas Silva'),(376,'Andrés','Souper De La Cruz'),(377,'Jason','Flores Abrigo'),(378,'Carlos Andrés','Muñoz Rojas'),(379,'Ariel Alfonso','Uribe Lepe'),(380,'Tobías Nahuel','Figueroa'),(381,'Eduard Alexander','Bello Gil'),(382,'Marco Antonio','Collao Ramos'),(383,'Felipe Ignacio','Flores Chandia'),(384,'Fernando Javier','Hurtado Pérez'),(385,'Gabriel','Sarria Trigo'),(386,'Lukas Gustavo','Soza Rodríguez'),(387,'Gary Felipe','Tello Mery'),(388,'Nicolás Ignacio','Peñailillo Acuña'),(389,'Cristián Manuel','Rojas Sanhueza'),(390,'Luis Alejandro','Guerra Romero'),(391,'Érick','Wiemberg Higuera'),(392,'Felipe Ignacio','Seymour Dobud'),(393,'Fabrizio Fabián','Manzo Melo'),(394,'Jeisson Andrés','Vargas Salazar'),(395,'Cristopher Alejandro','Medina García'),(396,'Jorge Israel','Romo Salinas'),(397,'Victor Armando','Retamal Ahumada'),(398,'Ronnie Alan','Fernández Sáez'),(399,'Esli Samuel','García Cordero'),(400,'Benjamín','Berríos'),(401,'Cristian Matías','Menéndez'),(402,'Denil Omar','Maldonado Munguía'),(403,'John Antonio','Santander Plaza'),(404,'Pablo Ignacio','Cárdenas Baeza'),(405,'Leonardo Andrés','Olivera Troncoso'),(406,'Iván Alejandro','Contreras Araya'),(407,'Diego Andrés','Céspedes Maturana'),(408,'Diego','Acevedo'),(409,'José Ramón','Leguizamón Ortega'),(410,'Michael','Lepe'),(411,'Sebastián','Zúñiga Fuenzalida'),(412,'Julio Junior','Bórquez Hernández'),(413,'Johan','Castillo Aracena'),(414,'Misael Omar','Cubillos Ramos'),(415,'Jesús Isaac','Hernández Córdova'),(416,'Sebastián Eduardo','Cabrera Morgado'),(417,'Enzo Francesco','Guerrero Segovia'),(418,'César Alexis','Cortés Pinto'),(419,'Carlos Agustín','Farías'),(420,'Luis Antonio','Jiménez Garcés'),(421,'Felipe','Chamorro'),(422,'Brian Nicolás','Torrealba Silva'),(423,'Santiago Ernesto','Romero Fernández'),(424,'Marcelo Alejandro','Larrondo Páez'),(425,'Gastón Alejandro','Zúñiga Pozas'),(426,'Federico Vicente','Lanzillota'),(427,'Carlos Andrés','Villanueva Roland'),(428,'Ignacio','Mesina'),(429,'Simón Alonso','González Montalban'),(430,'Francisco Javier','Sepulveda Riveros'),(431,'Mauro Jesús','Maureira Maureira'),(432,'Nelson Francisco','Espinoza Díaz'),(433,'Sebastián Paolo','Galani Villega'),(434,'César Franco','Lobos Asman'),(435,'Gonzalo Diego','Bueno Bingola'),(436,'Joaquín Gabriel','Avilés Rodríguez'),(437,'Francisco Leoncio','Portillo Maidana'),(438,'Nicolas Ramón','Mancilla Hidalgo'),(439,'Marcelo','Filla'),(440,'Benjamín Rodrigo','Osses Miranda'),(441,'Matias','Leiva Arancibia'),(442,'Rodrigo Antonio','González Catalán'),(443,'Agustín','Volker Vergara'),(444,'Bastián','Yañez'),(445,'Oscar Camilo','Aravena Valladares'),(446,'Matías Alejandro','Laba'),(447,'Thomas','Rodríguez Trogsar'),(448,'Oscar Fernando','Salinas Aguilar'),(449,'Héctor Antonio','Urrego Hurtado'),(450,'Diego Leonardo','Soto Berríos'),(451,'Nicolás Esteban','Díaz García'),(452,'Franz Hermann','Schultz Ramírez'),(453,'Michael Jordan','Contreras Araya'),(454,'Juan','Segovia'),(455,'Daniel Alejandro','Monardes Zelada'),(456,'Moises Alejandro','González Torres'),(457,'Gerardo Ignacio','Navarrete Barrientos'),(458,'Tomás','Vergara'),(459,'Brayan','Valdivia Valdivia'),(460,'Ezequiel','Luna'),(461,'Luis','Rojas Zamora'),(462,'Jonathan Fabián','Zacaría'),(463,'Juan Martín','Román Guglielmi'),(464,'Willian Patrick','Gama Olivera'),(465,'Gabriel Ignacio','Rojas Muñoz'),(466,'Adrián Ignacio','Cuadra Cabrera'),(467,'Esteban','Moreira'),(468,'Ronald Vladimir','De La Fuente Arias'),(469,'Juan Manuel','Insaurralde'),(470,'Pablo Nicolás','Mouche'),(471,'Ethan Mauricio','Espinoza Martínez'),(472,'Bryan Andrés','Soto Pereira'),(473,'Eduardo Ignacio','Farías Diaz'),(474,'Francisco','Valdes'),(475,'Giovanni Alexander','Davis Henríquez'),(476,'Jonathan','Villagra'),(477,'John Elian','García Sossa'),(478,'Facundo Alfredo','Castro'),(479,'Alexis Joel','Valencia Castro'),(480,'Cristian','Vega'),(481,'Aldrix Esteban','Jara Falcón'),(482,'Óscar Mauricio','Opazo Lara'),(483,'César Nicolás','Fuentes González'),(484,'Marcos Nikolas','Bolados Hidalgo'),(485,'Luciano Daniel','Arriagada Garcia'),(486,'Felipe Manuel','Campos Mosqueira'),(487,'Carlos Alberto','Villanueva Fuentes'),(488,'Patricio','Romero'),(489,'Lautaro Agustín','Palacios'),(490,'Esteban Efraín','Paredes Quintanilla'),(491,'Sebastián Felipe','Silva Lavanderos'),(492,'Diego','Oyarzún'),(493,'Facundo','Aguero'),(494,'Gerónimo Gastón','Poblete'),(495,'Fabián Marcelo','Hormazabal Berríos'),(496,'Rodrigo Javier','Salinas'),(497,'Martín','Tonso'),(498,'Bruno','Gutiérrez'),(499,'Guido','Mainero'),(500,'Michael Andrés','Fuentes Vadulli'),(501,'Nicolás Benjamín','Silva Gómez'),(502,'Diego','García Medina'),(503,'Walter Uriel','Mazzantti'),(504,'Julio Esteban','Fierro Díaz'),(505,'Nicolás Alonso','Meza Muñoz'),(506,'Bayron Antonio','Saavedra Navarro'),(507,'Renato','Araya'),(508,'Bruno','Barticciotto Di Bartolo'),(509,'Steffan Patricio','Pino Briceño'),(510,'Bayron Miguel','Martínez Cortés'),(511,'Pedro Ignacio','Navarro Castillo'),(512,'Joaquín Andrés','García Epull'),(513,'Kevin','Figueroa'),(514,'Joan Manuel','Cruz Castro'),(515,'Daniel Moisés','Vicencio Quiero'),(516,'Gabriel Ignacio','Fuentes Lagos'),(517,'John','Riascos'),(518,'Tomás Alejandro','Ahumada Oteíza'),(519,'Simón','Contreras'),(520,'Brandon William','Cortés Bustos'),(521,'Mauricio Gerardo','Morales Olivares'),(522,'Sebastián','Ballesteros Soto'),(523,'Kennan Jesús','Sepúlveda Acevedo'),(524,'Marcelo','Morales'),(525,'Bastián Ignacio','Tapia Sepúlveda'),(526,'Víctor Alonso','Espinoza Apablaza'),(527,'Jeremy Nicolás','Silva González'),(528,'José Ignacio','Molina Espinoza'),(529,'Dario Esteban','Melo Pulgar'),(530,'Vicente Tomás','Pizarro Durcudoy'),(531,'Flavio Germán','Rojas Catalán'),(532,'Facundo Jeremías','Guichón Sisto'),(533,'Iván Andrés','Morales Bravo'),(534,'Nicolás','Aedo Muñoz'),(535,'Maximiliano Francisco','Lugo'),(536,'Reinaldo','Lenis Montes'),(537,'Yodilan','Cruz'),(538,'Sergio Alex','Arriagada González'),(539,'Carlos Ignacio','Herrera Pérez'),(540,'Cristian Alejandro','Aguirre Martínez'),(541,'Matías Ezequiel','Zaldivia'),(542,'Jorge','Catejo'),(543,'Alejandro Exequiel','Rojo Veas'),(544,'Fernando Tomás','Lazcano Barros'),(545,'Luis Ignacio','Sotomayor Orrego'),(546,'José Matías','Aguilera Tapia'),(547,'Álvaro Sebastián','Garrido Podlech'),(548,'Yerko','González Santis'),(549,'Luis','Kovacic');
/*!40000 ALTER TABLE `players` ENABLE KEYS */;
UNLOCK TABLES;

--
-- Table structure for table `positions`
--

DROP TABLE IF EXISTS `positions`;
/*!40101 SET @saved_cs_client     = @@character_set_client */;
/*!40101 SET character_set_client = utf8 */;
CREATE TABLE `positions` (
  `id` bigint(20) unsigned NOT NULL AUTO_INCREMENT COMMENT 'PK',
  `label` varchar(100) NOT NULL COMMENT 'label of the position: Defender/Goalkeept, etc',
  PRIMARY KEY (`id`)
) ENGINE=InnoDB AUTO_INCREMENT=10 DEFAULT CHARSET=utf8mb4;
/*!40101 SET character_set_client = @saved_cs_client */;

--
-- Dumping data for table `positions`
--

LOCK TABLES `positions` WRITE;
/*!40000 ALTER TABLE `positions` DISABLE KEYS */;
INSERT INTO `positions` VALUES (1,'Defensive Midfielder'),(2,'Substitute'),(3,''),(4,'Midfielder'),(5,'Attacking Midfielder'),(6,'Striker'),(7,'Defender'),(8,'Wing Back'),(9,'Goalkeeper');
/*!40000 ALTER TABLE `positions` ENABLE KEYS */;
UNLOCK TABLES;

--
-- Table structure for table `venues`
--

DROP TABLE IF EXISTS `venues`;
/*!40101 SET @saved_cs_client     = @@character_set_client */;
/*!40101 SET character_set_client = utf8 */;
CREATE TABLE `venues` (
  `id` bigint(20) unsigned NOT NULL AUTO_INCREMENT COMMENT 'PK',
  `name` varchar(255) NOT NULL COMMENT 'name of the venue',
  PRIMARY KEY (`id`)
) ENGINE=InnoDB AUTO_INCREMENT=20 DEFAULT CHARSET=utf8mb4;
/*!40101 SET character_set_client = @saved_cs_client */;

--
-- Dumping data for table `venues`
--

LOCK TABLES `venues` WRITE;
/*!40000 ALTER TABLE `venues` DISABLE KEYS */;
INSERT INTO `venues` VALUES (1,'Estadio Municipal Alcaldesa Ester Roa Rebolledo'),(2,'Estadio Santa Laura-Universidad SEK'),(3,'Estadio San Carlos de Apoquindo'),(4,'Estadio Bicentenario La Granja'),(5,'Estadio Bicentenario Municipal de La Florida'),(6,'Estadio Sausalito'),(7,'Estadio Municipal de La Pintana'),(8,'Estadio Bicentenario Francisco Sánchez Rumoroso'),(9,'Estadio Tierra de Campeones'),(10,'Estadio CAP'),(11,'Estadio El Teniente'),(12,'Estadio Regional Calvo y Bascuñán'),(13,'Estadio Nacional Julio Martínez Prádanos'),(14,'Estadio El Cobre'),(15,'Estadio Municipal Nicolás Chahuán Nazar'),(16,'Estadio Elías Figueroa Brander'),(17,'Estadio Monumental David Arellano'),(18,'Estadio La Portada de La Serena'),(19,'Estadio Municipal de La Cisterna');
/*!40000 ALTER TABLE `venues` ENABLE KEYS */;
UNLOCK TABLES;
/*!40103 SET TIME_ZONE=@OLD_TIME_ZONE */;

/*!40101 SET SQL_MODE=@OLD_SQL_MODE */;
/*!40014 SET FOREIGN_KEY_CHECKS=@OLD_FOREIGN_KEY_CHECKS */;
/*!40014 SET UNIQUE_CHECKS=@OLD_UNIQUE_CHECKS */;
/*!40101 SET CHARACTER_SET_CLIENT=@OLD_CHARACTER_SET_CLIENT */;
/*!40101 SET CHARACTER_SET_RESULTS=@OLD_CHARACTER_SET_RESULTS */;
/*!40101 SET COLLATION_CONNECTION=@OLD_COLLATION_CONNECTION */;
/*!40111 SET SQL_NOTES=@OLD_SQL_NOTES */;

-- Dump completed on 2022-06-16 16:24:33
